household_id,street_address,suburb,postcode,dwelling_type,tenure,utility_rationing_band,smartmeter_id
HH-00001,7 Whitegum Avenue,Old Town,0001,House,Owner-occupied,A,SM-876646
HH-00002,23 Ghost Gum Road,Cattle Station Quarters,0001,Quarters,Employer-provided,A,SM-329258
HH-00003,155 Acacia Drive,Eastside Estate,0001,House,Rental,C,SM-539898
HH-00004,151 Whitegum Avenue,Eastside Estate,0001,Unit,Owner-occupied,C,SM-832052
HH-00005,72 Coolibah Street,Mining Worker Camp North,0001,Donga,Employer-provided,C,SM-207175
HH-00006,25 Brolga Road,Pandanus Reach Central,0001,Unit,Rental,C,SM-865179
HH-00007,32 Wattlebird Court,Mining Worker Camp South,0001,Donga,Employer-provided,B,SM-759176
HH-00008,221 Brolga Road,Old Town,0001,House,Rental,A,SM-338968
HH-00009,21 Paperbark Lane,Boundary Flats,0001,House,Public Housing,B,SM-766563
HH-00010,42 Brolga Road,Boundary Flats,0001,Public Housing,Rental,B,SM-816751
HH-00011,156 Ironwood Crescent,Old Town,0001,House,Owner-occupied,B,SM-383060
HH-00012,164 Desert Oak Way,Hospital Precinct,0001,House,Owner-occupied,C,SM-158655
HH-00013,9 Lapwing Terrace,Eastside Estate,0001,House,Owner-occupied,D,SM-694731
HH-00014,81 Bloodwood Road,Cattle Station Quarters,0001,Quarters,Employer-provided,B,SM-774079
HH-00015,68 Coolibah Street,Mining Worker Camp South,0001,Donga,Employer-provided,B,SM-375504
HH-00016,110 Ghost Gum Road,Riverside,0001,House,Owner-occupied,D,SM-634277
HH-00017,194 Boab Place,Mining Worker Camp South,0001,Container Conversion,Employer-provided,A,SM-267753
HH-00018,109 Tussock Avenue,Boundary Flats,0001,Public Housing,Public Housing,B,SM-590785
HH-00019,249 Desert Oak Way,Mining Worker Camp South,0001,Container Conversion,Employer-provided,A,SM-855731
HH-00020,227 Desert Oak Way,Pandanus Reach Central,0001,Unit,Mortgaged,B,SM-407757
HH-00021,117 Acacia Drive,Mining Worker Camp North,0001,Container Conversion,Employer-provided,C,SM-376183
HH-00022,196 Ironwood Crescent,Hospital Precinct,0001,House,Owner-occupied,C,SM-982554
HH-00023,156 Bloodwood Road,Old Town,0001,House,Mortgaged,B,SM-916449
HH-00024,236 Acacia Drive,Cattle Station Quarters,0001,Quarters,Employer-provided,B,SM-217301
HH-00025,225 Federation Street,Cattle Station Quarters,0001,Station House,Employer-provided,B,SM-694916
HH-00026,22 Pandanus Parade,Hospital Precinct,0001,Unit,Mortgaged,B,SM-231869
HH-00027,122 Desert Oak Way,Pandanus Reach Central,0001,House,Rental,C,SM-322086
HH-00028,194 Bloodwood Road,Cattle Station Quarters,0001,Quarters,Employer-provided,B,SM-804314
HH-00029,113 Saltbush Lane,Old Town,0001,House,Owner-occupied,A,SM-122056
HH-00030,59 Ghost Gum Road,Old Town,0001,House,Owner-occupied,C,SM-340062
HH-00031,9 Lapwing Terrace,Pandanus Reach Central,0001,House,Owner-occupied,C,SM-324643
HH-00032,186 Ghost Gum Road,Mining Worker Camp South,0001,Demountable,Employer-provided,B,SM-595948
HH-00033,49 Mulga Court,Boundary Flats,0001,Public Housing,Public Housing,B,SM-531071
HH-00034,187 Boab Place,Mining Worker Camp South,0001,Demountable,Employer-provided,D,SM-203198
HH-00035,187 Lapwing Terrace,Pandanus Reach Central,0001,Unit,Owner-occupied,A,SM-662336
HH-00036,109 Ironwood Crescent,Mining Worker Camp South,0001,Donga,Employer-provided,B,SM-179046
HH-00037,221 Desert Oak Way,Mining Worker Camp South,0001,Donga,Employer-provided,C,SM-666847
HH-00038,249 Spinifex Way,Boundary Flats,0001,House,Public Housing,A,SM-609231
HH-00039,222 Wattlebird Court,Mining Worker Camp South,0001,Container Conversion,Employer-provided,A,SM-102260
HH-00040,68 Wallaby Drive,Hospital Precinct,0001,House,Rental,C,SM-921414
HH-00041,184 Pandanus Parade,Old Town,0001,House,Owner-occupied,D,SM-707314
HH-00042,16 Lapwing Terrace,Riverside,0001,House,Rental,B,SM-994141
HH-00043,15 Saltbush Lane,Mining Worker Camp South,0001,Donga,Employer-provided,A,SM-723939
HH-00044,221 Paperbark Lane,Pandanus Reach Central,0001,House,Mortgaged,B,SM-707040
HH-00045,159 Spinifex Way,Old Town,0001,House,Rental,B,SM-373432
HH-00046,184 Lapwing Terrace,Eastside Estate,0001,House,Rental,C,SM-414569
HH-00047,238 Spinifex Way,Mining Worker Camp South,0001,Donga,Employer-provided,C,SM-690341
HH-00048,19 Desert Oak Way,Hospital Precinct,0001,House,Owner-occupied,D,SM-172132
HH-00049,95 Federation Street,Cattle Station Quarters,0001,Station House,Employer-provided,C,SM-837715
HH-00050,207 Saltbush Lane,Eastside Estate,0001,House,Mortgaged,B,SM-795613
HH-00051,225 Coolibah Street,Pandanus Reach Central,0001,House,Mortgaged,C,SM-262998
HH-00052,155 Bloodwood Road,Eastside Estate,0001,Unit,Owner-occupied,C,SM-376807
HH-00053,65 Boab Place,Mining Worker Camp South,0001,Donga,Employer-provided,B,SM-390120
HH-00054,86 Coolibah Street,Pandanus Reach Central,0001,House,Owner-occupied,C,SM-678478
HH-00055,144 Acacia Drive,Riverside,0001,House,Mortgaged,C,SM-256294
HH-00056,214 Brolga Road,Old Town,0001,House,Owner-occupied,A,SM-423232
HH-00057,239 Boab Place,Mining Worker Camp North,0001,Container Conversion,Employer-provided,B,SM-361650
HH-00058,91 Desert Oak Way,Old Town,0001,Townhouse,Rental,C,SM-262060
HH-00059,61 Ironwood Crescent,Cattle Station Quarters,0001,Demountable,Employer-provided,C,SM-532322
HH-00060,189 Lapwing Terrace,Pandanus Reach Central,0001,Unit,Rental,C,SM-870763
HH-00061,69 Ironwood Crescent,Boundary Flats,0001,Demountable,Public Housing,B,SM-140605
HH-00062,57 Bloodwood Road,Boundary Flats,0001,Demountable,Public Housing,B,SM-960394
HH-00063,59 Paperbark Lane,Boundary Flats,0001,Public Housing,Public Housing,B,SM-392136
HH-00064,248 Whitegum Avenue,Cattle Station Quarters,0001,Quarters,Employer-provided,B,SM-812526
HH-00065,138 Lapwing Terrace,Hospital Precinct,0001,Townhouse,Owner-occupied,D,SM-287241
HH-00066,68 Boab Place,Old Town,0001,House,Rental,C,SM-428914
HH-00067,131 Mulga Court,Mining Worker Camp North,0001,Donga,Employer-provided,B,SM-367095
HH-00068,112 Acacia Drive,Pandanus Reach Central,0001,House,Mortgaged,C,SM-877991
HH-00069,51 Brolga Road,Riverside,0001,House,Mortgaged,D,SM-753425
HH-00070,218 Mulga Court,Eastside Estate,0001,Unit,Owner-occupied,B,SM-528231
HH-00071,179 Federation Street,Mining Worker Camp North,0001,Demountable,Employer-provided,A,SM-797229
HH-00072,174 Ironwood Crescent,Hospital Precinct,0001,House,Owner-occupied,B,SM-100425
HH-00073,54 Curlew Crescent,Eastside Estate,0001,Unit,Rental,B,SM-563246
HH-00074,55 Saltbush Lane,Mining Worker Camp South,0001,Donga,Employer-provided,D,SM-934692
HH-00075,169 Spinifex Way,Riverside,0001,House,Rental,C,SM-197923
HH-00076,193 Paperbark Lane,Boundary Flats,0001,Demountable,Public Housing,C,SM-254511
HH-00077,63 Pandanus Parade,Pandanus Reach Central,0001,House,Mortgaged,B,SM-760356
HH-00078,184 Wattlebird Court,Old Town,0001,House,Owner-occupied,C,SM-105814
HH-00079,221 Mulga Court,Cattle Station Quarters,0001,Quarters,Employer-provided,B,SM-943170
HH-00080,133 Wallaby Drive,Hospital Precinct,0001,House,Owner-occupied,C,SM-578634
HH-00081,119 Saltbush Lane,Pandanus Reach Central,0001,Demountable,Rental,D,SM-564071
HH-00082,185 Saltbush Lane,Old Town,0001,House,Mortgaged,B,SM-266889
HH-00083,122 Wallaby Drive,Riverside,0001,House,Owner-occupied,C,SM-903013
HH-00084,125 Paperbark Lane,Boundary Flats,0001,Public Housing,Public Housing,C,SM-345884
HH-00085,82 Desert Oak Way,Eastside Estate,0001,House,Owner-occupied,B,SM-260227
HH-00086,17 Curlew Crescent,Riverside,0001,House,Rental,B,SM-316881
HH-00087,100 Ghost Gum Road,Boundary Flats,0001,House,Public Housing,C,SM-902784
HH-00088,123 Acacia Drive,Old Town,0001,Townhouse,Owner-occupied,B,SM-976325
HH-00089,192 Desert Oak Way,Mining Worker Camp North,0001,Demountable,Employer-provided,C,SM-611945
HH-00090,112 Pandanus Parade,Eastside Estate,0001,House,Owner-occupied,C,SM-523956
HH-00091,216 Wallaby Drive,Riverside,0001,Townhouse,Mortgaged,B,SM-513160
HH-00092,170 Acacia Drive,Old Town,0001,House,Rental,C,SM-290556
HH-00093,98 Lapwing Terrace,Pandanus Reach Central,0001,House,Owner-occupied,C,SM-497542
HH-00094,244 Curlew Crescent,Eastside Estate,0001,House,Owner-occupied,A,SM-665621
HH-00095,244 Brolga Road,Pandanus Reach Central,0001,House,Owner-occupied,D,SM-142213
HH-00096,244 Paperbark Lane,Boundary Flats,0001,Public Housing,Public Housing,C,SM-350132
HH-00097,172 Mulga Court,Pandanus Reach Central,0001,House,Owner-occupied,C,SM-904150
HH-00098,156 Tussock Avenue,Mining Worker Camp North,0001,Container Conversion,Employer-provided,C,SM-915573
HH-00099,247 Federation Street,Boundary Flats,0001,Public Housing,Public Housing,D,SM-703766
HH-00100,246 Wattlebird Court,Riverside,0001,House,Rental,A,SM-824161
HH-00101,63 Mulga Court,Boundary Flats,0001,Demountable,Public Housing,C,SM-729577
HH-00102,204 Ghost Gum Road,Boundary Flats,0001,Demountable,Public Housing,B,SM-793655
HH-00103,130 Lapwing Terrace,Mining Worker Camp North,0001,Donga,Employer-provided,B,SM-614013
HH-00104,246 Brolga Road,Pandanus Reach Central,0001,House,Mortgaged,C,SM-556641
HH-00105,134 Whitegum Avenue,Pandanus Reach Central,0001,House,Mortgaged,C,SM-587455
HH-00106,188 Ghost Gum Road,Mining Worker Camp North,0001,Donga,Employer-provided,C,SM-971084
HH-00107,72 Wallaby Drive,Cattle Station Quarters,0001,Station House,Employer-provided,B,SM-739979
HH-00108,87 Acacia Drive,Old Town,0001,House,Owner-occupied,B,SM-472060
HH-00109,88 Whitegum Avenue,Boundary Flats,0001,House,Rental,C,SM-682789
HH-00110,243 Bloodwood Road,Pandanus Reach Central,0001,House,Rental,B,SM-894993
HH-00111,122 Pandanus Parade,Eastside Estate,0001,House,Owner-occupied,B,SM-524045
HH-00112,79 Ghost Gum Road,Riverside,0001,House,Rental,B,SM-882169
HH-00113,91 Wallaby Drive,Old Town,0001,House,Owner-occupied,A,SM-301939
HH-00114,191 Desert Oak Way,Eastside Estate,0001,Demountable,Rental,A,SM-874483
HH-00115,186 Ghost Gum Road,Mining Worker Camp South,0001,Container Conversion,Employer-provided,B,SM-396745
HH-00116,214 Bloodwood Road,Hospital Precinct,0001,House,Rental,B,SM-842411
HH-00117,71 Boab Place,Mining Worker Camp South,0001,Container Conversion,Employer-provided,B,SM-831295
HH-00118,164 Pandanus Parade,Hospital Precinct,0001,House,Owner-occupied,B,SM-601968
HH-00119,48 Boab Place,Mining Worker Camp South,0001,Donga,Employer-provided,C,SM-219629
HH-00120,103 Pandanus Parade,Boundary Flats,0001,Public Housing,Rental,C,SM-259097
HH-00121,145 Federation Street,Pandanus Reach Central,0001,House,Owner-occupied,B,SM-536390
HH-00122,203 Tussock Avenue,Old Town,0001,House,Rental,B,SM-564226
HH-00123,151 Curlew Crescent,Eastside Estate,0001,House,Rental,C,SM-876039
HH-00124,196 Bloodwood Road,Pandanus Reach Central,0001,House,Owner-occupied,A,SM-351516
HH-00125,20 Ironwood Crescent,Pandanus Reach Central,0001,House,Rental,B,SM-405407
HH-00126,74 Federation Street,Pandanus Reach Central,0001,Unit,Rental,C,SM-377405
HH-00127,161 Ghost Gum Road,Boundary Flats,0001,Demountable,Public Housing,B,SM-671015
HH-00128,39 Whitegum Avenue,Eastside Estate,0001,Unit,Owner-occupied,A,SM-422554
HH-00129,212 Ghost Gum Road,Old Town,0001,Townhouse,Rental,B,SM-418862
HH-00130,242 Whitegum Avenue,Riverside,0001,House,Rental,A,SM-141797
HH-00131,189 Lapwing Terrace,Cattle Station Quarters,0001,Quarters,Employer-provided,A,SM-340044
HH-00132,215 Ghost Gum Road,Hospital Precinct,0001,House,Owner-occupied,C,SM-961322
HH-00133,11 Ironwood Crescent,Eastside Estate,0001,House,Rental,D,SM-290305
HH-00134,112 Pandanus Parade,Hospital Precinct,0001,Demountable,Rental,B,SM-436653
HH-00135,220 Ironwood Crescent,Riverside,0001,House,Rental,B,SM-519904
HH-00136,141 Boab Place,Boundary Flats,0001,Public Housing,Public Housing,B,SM-221552
HH-00137,104 Saltbush Lane,Hospital Precinct,0001,Unit,Owner-occupied,C,SM-584417
HH-00138,49 Saltbush Lane,Mining Worker Camp North,0001,Donga,Employer-provided,C,SM-755788
HH-00139,14 Bloodwood Road,Mining Worker Camp South,0001,Donga,Employer-provided,A,SM-402020
HH-00140,179 Pandanus Parade,Mining Worker Camp North,0001,Donga,Employer-provided,D,SM-738448
HH-00141,182 Ironwood Crescent,Boundary Flats,0001,Public Housing,Public Housing,B,SM-197736
HH-00142,216 Mulga Court,Eastside Estate,0001,House,Owner-occupied,C,SM-622584
HH-00143,75 Saltbush Lane,Cattle Station Quarters,0001,Quarters,Employer-provided,B,SM-605937
HH-00144,63 Wallaby Drive,Hospital Precinct,0001,House,Rental,D,SM-632929
HH-00145,35 Spinifex Way,Riverside,0001,House,Mortgaged,B,SM-925981
HH-00146,211 Acacia Drive,Mining Worker Camp South,0001,Donga,Employer-provided,B,SM-715448
HH-00147,169 Pandanus Parade,Old Town,0001,Townhouse,Rental,B,SM-448588
HH-00148,140 Wattlebird Court,Old Town,0001,House,Owner-occupied,A,SM-831380
HH-00149,99 Paperbark Lane,Eastside Estate,0001,Townhouse,Rental,B,SM-595951
HH-00150,208 Wattlebird Court,Riverside,0001,House,Rental,C,SM-259493
HH-00151,10 Coolibah Street,Mining Worker Camp South,0001,Demountable,Employer-provided,B,SM-205239
HH-00152,113 Mulga Court,Cattle Station Quarters,0001,Quarters,Employer-provided,B,SM-857537
HH-00153,223 Coolibah Street,Pandanus Reach Central,0001,House,Mortgaged,B,SM-753534
HH-00154,167 Spinifex Way,Riverside,0001,Townhouse,Mortgaged,C,SM-498468
HH-00155,161 Pandanus Parade,Hospital Precinct,0001,Townhouse,Owner-occupied,A,SM-761820
HH-00156,74 Paperbark Lane,Riverside,0001,Unit,Rental,A,SM-764532
HH-00157,26 Wallaby Drive,Riverside,0001,House,Owner-occupied,A,SM-440131
HH-00158,76 Brolga Road,Boundary Flats,0001,Public Housing,Public Housing,B,SM-532067
HH-00159,203 Ironwood Crescent,Old Town,0001,House,Owner-occupied,C,SM-749813
HH-00160,128 Ghost Gum Road,Riverside,0001,House,Rental,B,SM-367729
HH-00161,231 Wallaby Drive,Old Town,0001,Townhouse,Rental,A,SM-563187
HH-00162,151 Federation Street,Hospital Precinct,0001,House,Rental,B,SM-986365
HH-00163,99 Pandanus Parade,Eastside Estate,0001,House,Rental,B,SM-410244
HH-00164,76 Acacia Drive,Hospital Precinct,0001,Demountable,Rental,B,SM-693419
HH-00165,200 Boab Place,Cattle Station Quarters,0001,Demountable,Employer-provided,C,SM-973294
HH-00166,74 Paperbark Lane,Cattle Station Quarters,0001,Quarters,Employer-provided,B,SM-767542
HH-00167,65 Coolibah Street,Eastside Estate,0001,House,Mortgaged,C,SM-423939
HH-00168,9 Ghost Gum Road,Boundary Flats,0001,Public Housing,Public Housing,A,SM-409445
HH-00169,107 Ironwood Crescent,Mining Worker Camp North,0001,Donga,Employer-provided,C,SM-483629
HH-00170,234 Whitegum Avenue,Mining Worker Camp South,0001,Container Conversion,Employer-provided,B,SM-964749
HH-00171,248 Federation Street,Hospital Precinct,0001,Unit,Owner-occupied,A,SM-178957
HH-00172,248 Paperbark Lane,Pandanus Reach Central,0001,Townhouse,Rental,D,SM-986827
HH-00173,94 Spinifex Way,Boundary Flats,0001,Demountable,Public Housing,B,SM-229592
HH-00174,173 Whitegum Avenue,Mining Worker Camp South,0001,Demountable,Employer-provided,C,SM-489518
HH-00175,60 Pandanus Parade,Pandanus Reach Central,0001,House,Mortgaged,B,SM-739717
HH-00176,17 Wallaby Drive,Eastside Estate,0001,Townhouse,Owner-occupied,B,SM-246566
HH-00177,10 Federation Street,Pandanus Reach Central,0001,Demountable,Owner-occupied,B,SM-663658
HH-00178,117 Brolga Road,Pandanus Reach Central,0001,Unit,Rental,D,SM-539486
HH-00179,187 Coolibah Street,Old Town,0001,Townhouse,Rental,C,SM-745558
HH-00180,244 Whitegum Avenue,Mining Worker Camp North,0001,Donga,Employer-provided,B,SM-564920
HH-00181,61 Brolga Road,Mining Worker Camp South,0001,Donga,Employer-provided,C,SM-670913
HH-00182,166 Brolga Road,Cattle Station Quarters,0001,Station House,Employer-provided,B,SM-228093
HH-00183,211 Wallaby Drive,Hospital Precinct,0001,House,Owner-occupied,C,SM-122394
HH-00184,86 Paperbark Lane,Pandanus Reach Central,0001,Demountable,Mortgaged,B,SM-970127
HH-00185,54 Ghost Gum Road,Boundary Flats,0001,Public Housing,Public Housing,B,SM-254721
HH-00186,153 Acacia Drive,Boundary Flats,0001,Public Housing,Public Housing,D,SM-666456
HH-00187,45 Mulga Court,Eastside Estate,0001,Unit,Owner-occupied,A,SM-928358
HH-00188,151 Lapwing Terrace,Boundary Flats,0001,Public Housing,Public Housing,A,SM-877747
HH-00189,30 Spinifex Way,Mining Worker Camp North,0001,Donga,Employer-provided,C,SM-638169
HH-00190,116 Saltbush Lane,Old Town,0001,House,Rental,C,SM-790909
HH-00191,118 Acacia Drive,Mining Worker Camp South,0001,Donga,Employer-provided,B,SM-521126
HH-00192,28 Pandanus Parade,Mining Worker Camp North,0001,Demountable,Employer-provided,B,SM-184714
HH-00193,38 Spinifex Way,Mining Worker Camp North,0001,Donga,Employer-provided,C,SM-713799
HH-00194,84 Wattlebird Court,Old Town,0001,Demountable,Rental,B,SM-734836
HH-00195,204 Mulga Court,Mining Worker Camp North,0001,Container Conversion,Employer-provided,C,SM-906315
HH-00196,222 Bloodwood Road,Old Town,0001,House,Mortgaged,B,SM-967611
HH-00197,107 Mulga Court,Mining Worker Camp South,0001,Donga,Employer-provided,B,SM-367271
HH-00198,40 Pandanus Parade,Mining Worker Camp North,0001,Donga,Employer-provided,C,SM-197758
HH-00199,191 Brolga Road,Mining Worker Camp North,0001,Container Conversion,Employer-provided,B,SM-714953
HH-00200,144 Lapwing Terrace,Hospital Precinct,0001,Unit,Rental,C,SM-886730
HH-00201,235 Boab Place,Mining Worker Camp North,0001,Container Conversion,Employer-provided,C,SM-468727
HH-00202,130 Bloodwood Road,Pandanus Reach Central,0001,House,Rental,C,SM-467121
HH-00203,95 Mulga Court,Boundary Flats,0001,Demountable,Rental,B,SM-549956
HH-00204,250 Tussock Avenue,Boundary Flats,0001,Demountable,Rental,B,SM-738577
HH-00205,213 Whitegum Avenue,Cattle Station Quarters,0001,Station House,Employer-provided,B,SM-899444
HH-00206,87 Brolga Road,Eastside Estate,0001,House,Mortgaged,B,SM-520252
HH-00207,190 Acacia Drive,Pandanus Reach Central,0001,House,Rental,B,SM-575682
HH-00208,95 Federation Street,Mining Worker Camp North,0001,Demountable,Employer-provided,C,SM-695164
HH-00209,227 Boab Place,Old Town,0001,House,Mortgaged,A,SM-185544
HH-00210,170 Curlew Crescent,Eastside Estate,0001,House,Rental,B,SM-891615
HH-00211,89 Curlew Crescent,Mining Worker Camp South,0001,Donga,Employer-provided,C,SM-721946
HH-00212,171 Federation Street,Mining Worker Camp South,0001,Donga,Employer-provided,B,SM-728437
HH-00213,53 Federation Street,Pandanus Reach Central,0001,Townhouse,Mortgaged,C,SM-403507
HH-00214,2 Pandanus Parade,Mining Worker Camp North,0001,Demountable,Employer-provided,A,SM-498676
HH-00215,59 Saltbush Lane,Mining Worker Camp South,0001,Demountable,Employer-provided,C,SM-471371
HH-00216,221 Boab Place,Pandanus Reach Central,0001,House,Rental,A,SM-428267
HH-00217,147 Wattlebird Court,Old Town,0001,Unit,Rental,A,SM-121869
HH-00218,44 Tussock Avenue,Hospital Precinct,0001,House,Rental,B,SM-557925
HH-00219,63 Curlew Crescent,Boundary Flats,0001,Public Housing,Rental,A,SM-425346
HH-00220,57 Lapwing Terrace,Riverside,0001,Unit,Owner-occupied,C,SM-656379
HH-00221,232 Brolga Road,Mining Worker Camp South,0001,Donga,Employer-provided,D,SM-776796
HH-00222,61 Mulga Court,Boundary Flats,0001,Public Housing,Public Housing,A,SM-260295
HH-00223,168 Spinifex Way,Boundary Flats,0001,Public Housing,Rental,B,SM-891093
HH-00224,149 Wallaby Drive,Old Town,0001,Unit,Mortgaged,C,SM-754858
HH-00225,249 Lapwing Terrace,Mining Worker Camp North,0001,Donga,Employer-provided,A,SM-563688
HH-00226,204 Whitegum Avenue,Old Town,0001,House,Rental,A,SM-584172
HH-00227,15 Brolga Road,Mining Worker Camp South,0001,Container Conversion,Employer-provided,A,SM-996840
HH-00228,153 Saltbush Lane,Pandanus Reach Central,0001,House,Rental,D,SM-874814
HH-00229,116 Ghost Gum Road,Cattle Station Quarters,0001,Quarters,Employer-provided,B,SM-598733
HH-00230,246 Boab Place,Mining Worker Camp South,0001,Donga,Employer-provided,C,SM-978053
HH-00231,183 Spinifex Way,Mining Worker Camp North,0001,Demountable,Employer-provided,A,SM-359778
HH-00232,113 Saltbush Lane,Riverside,0001,House,Owner-occupied,B,SM-396635
HH-00233,199 Lapwing Terrace,Mining Worker Camp North,0001,Demountable,Employer-provided,A,SM-761532
HH-00234,17 Lapwing Terrace,Old Town,0001,House,Rental,B,SM-858889
HH-00235,247 Tussock Avenue,Boundary Flats,0001,House,Public Housing,A,SM-795847
HH-00236,90 Federation Street,Pandanus Reach Central,0001,Demountable,Rental,B,SM-723945
HH-00237,22 Federation Street,Riverside,0001,House,Rental,B,SM-234001
HH-00238,213 Saltbush Lane,Riverside,0001,House,Rental,B,SM-119116
HH-00239,47 Bloodwood Road,Mining Worker Camp North,0001,Donga,Employer-provided,C,SM-301332
HH-00240,36 Coolibah Street,Eastside Estate,0001,House,Mortgaged,A,SM-908320
HH-00241,190 Saltbush Lane,Mining Worker Camp South,0001,Donga,Employer-provided,B,SM-903531
HH-00242,153 Wattlebird Court,Old Town,0001,House,Owner-occupied,C,SM-755087
HH-00243,43 Wallaby Drive,Boundary Flats,0001,Public Housing,Public Housing,C,SM-349068
HH-00244,157 Federation Street,Hospital Precinct,0001,Unit,Mortgaged,B,SM-350786
HH-00245,208 Pandanus Parade,Eastside Estate,0001,Townhouse,Owner-occupied,C,SM-698128
HH-00246,119 Federation Street,Hospital Precinct,0001,Unit,Rental,B,SM-269930
HH-00247,206 Tussock Avenue,Boundary Flats,0001,Public Housing,Public Housing,A,SM-603935
HH-00248,142 Mulga Court,Cattle Station Quarters,0001,Quarters,Employer-provided,B,SM-230734
HH-00249,196 Ironwood Crescent,Eastside Estate,0001,House,Mortgaged,A,SM-558723
HH-00250,234 Paperbark Lane,Pandanus Reach Central,0001,Unit,Mortgaged,D,SM-535050
HH-00251,129 Brolga Road,Pandanus Reach Central,0001,House,Mortgaged,B,SM-129556
HH-00252,26 Lapwing Terrace,Eastside Estate,0001,Unit,Owner-occupied,B,SM-970068
HH-00253,213 Coolibah Street,Mining Worker Camp South,0001,Demountable,Employer-provided,B,SM-745239
HH-00254,21 Acacia Drive,Pandanus Reach Central,0001,House,Mortgaged,B,SM-862560
HH-00255,109 Mulga Court,Old Town,0001,Unit,Owner-occupied,A,SM-350021
HH-00256,204 Tussock Avenue,Mining Worker Camp North,0001,Donga,Employer-provided,A,SM-624108
HH-00257,5 Saltbush Lane,Old Town,0001,House,Rental,B,SM-101640
HH-00258,62 Ghost Gum Road,Old Town,0001,House,Rental,A,SM-478120
HH-00259,135 Desert Oak Way,Pandanus Reach Central,0001,House,Mortgaged,B,SM-509420
HH-00260,12 Wattlebird Court,Cattle Station Quarters,0001,Demountable,Employer-provided,B,SM-117031
HH-00261,18 Brolga Road,Mining Worker Camp North,0001,Donga,Employer-provided,C,SM-208699
HH-00262,189 Lapwing Terrace,Boundary Flats,0001,Public Housing,Public Housing,B,SM-953025
HH-00263,213 Wallaby Drive,Old Town,0001,Demountable,Rental,A,SM-241403
HH-00264,199 Wallaby Drive,Pandanus Reach Central,0001,House,Owner-occupied,C,SM-143941
HH-00265,80 Saltbush Lane,Eastside Estate,0001,House,Mortgaged,B,SM-138399
HH-00266,49 Federation Street,Boundary Flats,0001,Public Housing,Public Housing,C,SM-448048
HH-00267,205 Brolga Road,Eastside Estate,0001,House,Rental,B,SM-505426
HH-00268,48 Pandanus Parade,Mining Worker Camp North,0001,Demountable,Employer-provided,B,SM-936020
HH-00269,206 Spinifex Way,Mining Worker Camp South,0001,Demountable,Employer-provided,A,SM-731718
HH-00270,47 Desert Oak Way,Hospital Precinct,0001,House,Owner-occupied,B,SM-410000
HH-00271,155 Curlew Crescent,Eastside Estate,0001,House,Rental,B,SM-862120
HH-00272,91 Tussock Avenue,Cattle Station Quarters,0001,Demountable,Employer-provided,B,SM-929924
HH-00273,20 Wattlebird Court,Hospital Precinct,0001,House,Mortgaged,C,SM-132653
HH-00274,156 Wallaby Drive,Pandanus Reach Central,0001,House,Owner-occupied,C,SM-484123
HH-00275,244 Ghost Gum Road,Mining Worker Camp North,0001,Donga,Employer-provided,A,SM-571778
HH-00276,96 Wallaby Drive,Hospital Precinct,0001,Unit,Rental,B,SM-517368
HH-00277,72 Paperbark Lane,Eastside Estate,0001,Demountable,Owner-occupied,A,SM-642895
HH-00278,144 Mulga Court,Mining Worker Camp North,0001,Donga,Employer-provided,B,SM-567951
HH-00279,157 Federation Street,Eastside Estate,0001,Unit,Mortgaged,B,SM-242321
HH-00280,116 Ironwood Crescent,Boundary Flats,0001,House,Public Housing,D,SM-949884
HH-00281,217 Lapwing Terrace,Riverside,0001,Unit,Rental,B,SM-404466
HH-00282,218 Ironwood Crescent,Cattle Station Quarters,0001,Quarters,Employer-provided,D,SM-768676
HH-00283,93 Saltbush Lane,Pandanus Reach Central,0001,House,Mortgaged,C,SM-348235
HH-00284,7 Brolga Road,Boundary Flats,0001,Public Housing,Public Housing,B,SM-678443
HH-00285,227 Spinifex Way,Pandanus Reach Central,0001,House,Rental,C,SM-601916
HH-00286,197 Curlew Crescent,Mining Worker Camp South,0001,Container Conversion,Employer-provided,A,SM-432427
HH-00287,116 Wallaby Drive,Old Town,0001,Unit,Owner-occupied,C,SM-918164
HH-00288,151 Ironwood Crescent,Old Town,0001,Unit,Owner-occupied,B,SM-158104
HH-00289,133 Coolibah Street,Boundary Flats,0001,Public Housing,Public Housing,B,SM-843788
HH-00290,243 Saltbush Lane,Eastside Estate,0001,Townhouse,Mortgaged,B,SM-765905
HH-00291,71 Coolibah Street,Hospital Precinct,0001,House,Rental,A,SM-772124
HH-00292,242 Ghost Gum Road,Pandanus Reach Central,0001,House,Rental,C,SM-734534
HH-00293,237 Ghost Gum Road,Mining Worker Camp North,0001,Donga,Employer-provided,C,SM-185168
HH-00294,165 Ghost Gum Road,Pandanus Reach Central,0001,House,Owner-occupied,B,SM-748133
HH-00295,128 Desert Oak Way,Old Town,0001,House,Mortgaged,B,SM-943776
HH-00296,104 Federation Street,Boundary Flats,0001,Public Housing,Rental,A,SM-560959
HH-00297,119 Bloodwood Road,Mining Worker Camp North,0001,Donga,Employer-provided,A,SM-853258
HH-00298,221 Brolga Road,Eastside Estate,0001,Demountable,Owner-occupied,B,SM-688933
HH-00299,62 Wallaby Drive,Pandanus Reach Central,0001,House,Rental,A,SM-153063
HH-00300,99 Tussock Avenue,Eastside Estate,0001,House,Mortgaged,D,SM-952993
HH-00301,148 Lapwing Terrace,Mining Worker Camp North,0001,Donga,Employer-provided,A,SM-639728
HH-00302,226 Federation Street,Mining Worker Camp South,0001,Donga,Employer-provided,A,SM-512344
HH-00303,248 Paperbark Lane,Mining Worker Camp South,0001,Donga,Employer-provided,B,SM-152995
HH-00304,153 Pandanus Parade,Eastside Estate,0001,House,Owner-occupied,A,SM-240440
HH-00305,187 Brolga Road,Cattle Station Quarters,0001,Quarters,Employer-provided,B,SM-520040
HH-00306,144 Bloodwood Road,Pandanus Reach Central,0001,House,Owner-occupied,B,SM-572230
HH-00307,72 Tussock Avenue,Boundary Flats,0001,Demountable,Public Housing,A,SM-201377
HH-00308,204 Lapwing Terrace,Mining Worker Camp North,0001,Demountable,Employer-provided,B,SM-251275
HH-00309,131 Wattlebird Court,Eastside Estate,0001,House,Owner-occupied,A,SM-449218
HH-00310,133 Wallaby Drive,Boundary Flats,0001,Public Housing,Rental,A,SM-742848
HH-00311,101 Tussock Avenue,Eastside Estate,0001,Unit,Owner-occupied,B,SM-968524
HH-00312,126 Ghost Gum Road,Mining Worker Camp South,0001,Donga,Employer-provided,C,SM-486251
HH-00313,29 Curlew Crescent,Mining Worker Camp North,0001,Demountable,Employer-provided,C,SM-860557
HH-00314,162 Acacia Drive,Cattle Station Quarters,0001,Quarters,Employer-provided,B,SM-787436
HH-00315,199 Ghost Gum Road,Boundary Flats,0001,Public Housing,Rental,A,SM-603787
HH-00316,162 Tussock Avenue,Pandanus Reach Central,0001,Unit,Rental,C,SM-353961
HH-00317,243 Mulga Court,Pandanus Reach Central,0001,House,Rental,B,SM-533020
HH-00318,106 Saltbush Lane,Riverside,0001,Unit,Mortgaged,C,SM-871581
HH-00319,181 Coolibah Street,Riverside,0001,House,Rental,D,SM-601608
HH-00320,81 Ironwood Crescent,Mining Worker Camp South,0001,Donga,Employer-provided,B,SM-672808
HH-00321,198 Whitegum Avenue,Mining Worker Camp North,0001,Demountable,Employer-provided,A,SM-358494
HH-00322,77 Paperbark Lane,Eastside Estate,0001,Townhouse,Mortgaged,C,SM-839142
HH-00323,181 Pandanus Parade,Eastside Estate,0001,House,Owner-occupied,D,SM-934042
HH-00324,74 Mulga Court,Riverside,0001,House,Rental,C,SM-513697
HH-00325,245 Coolibah Street,Boundary Flats,0001,Public Housing,Public Housing,D,SM-182868
HH-00326,114 Whitegum Avenue,Mining Worker Camp North,0001,Demountable,Employer-provided,B,SM-968170
HH-00327,239 Desert Oak Way,Mining Worker Camp South,0001,Demountable,Employer-provided,A,SM-745584
HH-00328,62 Paperbark Lane,Riverside,0001,House,Mortgaged,B,SM-344146
HH-00329,106 Lapwing Terrace,Pandanus Reach Central,0001,Unit,Owner-occupied,C,SM-105433
HH-00330,238 Ironwood Crescent,Hospital Precinct,0001,House,Mortgaged,C,SM-600641
HH-00331,194 Federation Street,Old Town,0001,House,Rental,D,SM-193806
HH-00332,60 Desert Oak Way,Old Town,0001,Unit,Mortgaged,A,SM-283568
HH-00333,215 Ironwood Crescent,Mining Worker Camp North,0001,Container Conversion,Employer-provided,A,SM-976822
HH-00334,127 Ironwood Crescent,Mining Worker Camp North,0001,Container Conversion,Employer-provided,D,SM-403528
HH-00335,3 Federation Street,Cattle Station Quarters,0001,Quarters,Employer-provided,A,SM-451317
HH-00336,165 Desert Oak Way,Eastside Estate,0001,House,Mortgaged,A,SM-628705
HH-00337,50 Mulga Court,Mining Worker Camp South,0001,Donga,Employer-provided,C,SM-779776
HH-00338,48 Acacia Drive,Eastside Estate,0001,Unit,Mortgaged,B,SM-894068
HH-00339,157 Wattlebird Court,Eastside Estate,0001,Unit,Rental,A,SM-801765
HH-00340,36 Pandanus Parade,Pandanus Reach Central,0001,House,Owner-occupied,B,SM-346961
HH-00341,69 Lapwing Terrace,Mining Worker Camp South,0001,Donga,Employer-provided,C,SM-111991
HH-00342,93 Paperbark Lane,Eastside Estate,0001,House,Owner-occupied,B,SM-525110
HH-00343,237 Federation Street,Riverside,0001,Unit,Rental,D,SM-485397
HH-00344,57 Coolibah Street,Old Town,0001,House,Rental,D,SM-491774
HH-00345,141 Pandanus Parade,Mining Worker Camp North,0001,Demountable,Employer-provided,C,SM-965708
HH-00346,64 Tussock Avenue,Eastside Estate,0001,Townhouse,Owner-occupied,B,SM-837952
HH-00347,235 Ghost Gum Road,Mining Worker Camp North,0001,Donga,Employer-provided,C,SM-630041
HH-00348,138 Coolibah Street,Eastside Estate,0001,House,Mortgaged,B,SM-813341
HH-00349,150 Pandanus Parade,Eastside Estate,0001,House,Rental,C,SM-575458
HH-00350,107 Wallaby Drive,Pandanus Reach Central,0001,House,Rental,C,SM-423139
HH-00351,102 Whitegum Avenue,Riverside,0001,Unit,Rental,B,SM-147489
HH-00352,180 Spinifex Way,Mining Worker Camp North,0001,Demountable,Employer-provided,A,SM-172371
HH-00353,121 Boab Place,Hospital Precinct,0001,House,Owner-occupied,A,SM-772687
HH-00354,166 Curlew Crescent,Hospital Precinct,0001,House,Mortgaged,B,SM-495833
HH-00355,175 Desert Oak Way,Mining Worker Camp North,0001,Donga,Employer-provided,C,SM-224395
HH-00356,138 Wattlebird Court,Pandanus Reach Central,0001,House,Rental,B,SM-103642
HH-00357,77 Wallaby Drive,Boundary Flats,0001,Demountable,Rental,B,SM-497700
HH-00358,64 Wallaby Drive,Boundary Flats,0001,Public Housing,Public Housing,A,SM-860242
HH-00359,9 Curlew Crescent,Boundary Flats,0001,Demountable,Public Housing,B,SM-170559
HH-00360,9 Wallaby Drive,Pandanus Reach Central,0001,House,Rental,A,SM-876513
HH-00361,113 Paperbark Lane,Pandanus Reach Central,0001,House,Mortgaged,C,SM-246942
HH-00362,75 Paperbark Lane,Mining Worker Camp South,0001,Container Conversion,Employer-provided,C,SM-434394
HH-00363,198 Lapwing Terrace,Old Town,0001,House,Mortgaged,D,SM-646571
HH-00364,77 Whitegum Avenue,Eastside Estate,0001,House,Mortgaged,C,SM-283640
HH-00365,110 Desert Oak Way,Old Town,0001,House,Mortgaged,D,SM-803953
HH-00366,135 Lapwing Terrace,Mining Worker Camp North,0001,Demountable,Employer-provided,B,SM-414455
HH-00367,194 Desert Oak Way,Mining Worker Camp North,0001,Donga,Employer-provided,C,SM-415344
HH-00368,37 Wallaby Drive,Boundary Flats,0001,House,Rental,B,SM-536740
HH-00369,35 Wattlebird Court,Old Town,0001,House,Owner-occupied,C,SM-571635
HH-00370,24 Desert Oak Way,Boundary Flats,0001,Demountable,Public Housing,A,SM-495489
HH-00371,155 Boab Place,Riverside,0001,Townhouse,Owner-occupied,C,SM-859489
HH-00372,56 Pandanus Parade,Riverside,0001,House,Mortgaged,B,SM-116078
HH-00373,49 Mulga Court,Eastside Estate,0001,Unit,Mortgaged,D,SM-829417
HH-00374,53 Wattlebird Court,Old Town,0001,Townhouse,Rental,C,SM-499152
HH-00375,167 Brolga Road,Mining Worker Camp South,0001,Donga,Employer-provided,B,SM-621433
HH-00376,206 Pandanus Parade,Mining Worker Camp South,0001,Demountable,Employer-provided,B,SM-312994
HH-00377,106 Boab Place,Mining Worker Camp North,0001,Demountable,Employer-provided,B,SM-253011
HH-00378,142 Ghost Gum Road,Pandanus Reach Central,0001,House,Rental,A,SM-445888
HH-00379,146 Paperbark Lane,Eastside Estate,0001,House,Rental,C,SM-369826
HH-00380,126 Pandanus Parade,Boundary Flats,0001,Public Housing,Rental,C,SM-277487
HH-00381,140 Pandanus Parade,Pandanus Reach Central,0001,House,Mortgaged,D,SM-161585
HH-00382,215 Spinifex Way,Mining Worker Camp South,0001,Container Conversion,Employer-provided,C,SM-901467
HH-00383,36 Paperbark Lane,Pandanus Reach Central,0001,House,Owner-occupied,B,SM-578160
HH-00384,159 Tussock Avenue,Mining Worker Camp North,0001,Container Conversion,Employer-provided,C,SM-116495
HH-00385,142 Curlew Crescent,Pandanus Reach Central,0001,House,Rental,B,SM-400614
HH-00386,209 Curlew Crescent,Pandanus Reach Central,0001,Unit,Mortgaged,A,SM-200992
HH-00387,62 Bloodwood Road,Mining Worker Camp South,0001,Demountable,Employer-provided,B,SM-471658
HH-00388,102 Spinifex Way,Eastside Estate,0001,House,Rental,B,SM-831105
HH-00389,176 Spinifex Way,Eastside Estate,0001,Unit,Mortgaged,C,SM-198042
HH-00390,97 Desert Oak Way,Mining Worker Camp North,0001,Donga,Employer-provided,C,SM-836986
HH-00391,128 Curlew Crescent,Pandanus Reach Central,0001,House,Owner-occupied,D,SM-199994
HH-00392,236 Boab Place,Cattle Station Quarters,0001,Station House,Employer-provided,D,SM-825916
HH-00393,122 Whitegum Avenue,Cattle Station Quarters,0001,Station House,Employer-provided,A,SM-393992
HH-00394,145 Boab Place,Cattle Station Quarters,0001,Station House,Employer-provided,C,SM-116418
HH-00395,151 Coolibah Street,Hospital Precinct,0001,Unit,Rental,B,SM-180674
HH-00396,145 Paperbark Lane,Eastside Estate,0001,House,Mortgaged,C,SM-666820
HH-00397,194 Coolibah Street,Mining Worker Camp North,0001,Demountable,Employer-provided,C,SM-182237
HH-00398,250 Brolga Road,Mining Worker Camp South,0001,Donga,Employer-provided,B,SM-979414
HH-00399,155 Tussock Avenue,Pandanus Reach Central,0001,Demountable,Rental,C,SM-131064
HH-00400,201 Wallaby Drive,Old Town,0001,House,Rental,D,SM-552825
HH-00401,150 Wattlebird Court,Eastside Estate,0001,House,Rental,C,SM-847748
HH-00402,69 Coolibah Street,Pandanus Reach Central,0001,House,Mortgaged,A,SM-508548
HH-00403,28 Spinifex Way,Eastside Estate,0001,House,Owner-occupied,B,SM-382870
HH-00404,23 Ironwood Crescent,Pandanus Reach Central,0001,House,Rental,B,SM-208310
HH-00405,91 Desert Oak Way,Pandanus Reach Central,0001,House,Rental,B,SM-503951
HH-00406,106 Wattlebird Court,Pandanus Reach Central,0001,Unit,Rental,B,SM-354533
HH-00407,44 Wattlebird Court,Old Town,0001,House,Owner-occupied,B,SM-253023
HH-00408,112 Whitegum Avenue,Pandanus Reach Central,0001,House,Rental,A,SM-363926
HH-00409,185 Pandanus Parade,Hospital Precinct,0001,House,Owner-occupied,A,SM-419457
HH-00410,102 Lapwing Terrace,Pandanus Reach Central,0001,Unit,Rental,C,SM-561607
HH-00411,209 Tussock Avenue,Mining Worker Camp North,0001,Donga,Employer-provided,B,SM-829066
HH-00412,81 Ironwood Crescent,Eastside Estate,0001,Demountable,Mortgaged,B,SM-828716
HH-00413,248 Ghost Gum Road,Old Town,0001,Unit,Owner-occupied,B,SM-924040
HH-00414,30 Ghost Gum Road,Mining Worker Camp North,0001,Donga,Employer-provided,D,SM-288667
HH-00415,141 Acacia Drive,Riverside,0001,Demountable,Rental,C,SM-559753
HH-00416,213 Spinifex Way,Boundary Flats,0001,Demountable,Public Housing,C,SM-245939
HH-00417,62 Whitegum Avenue,Old Town,0001,Unit,Rental,C,SM-177558
HH-00418,154 Pandanus Parade,Mining Worker Camp South,0001,Demountable,Employer-provided,B,SM-825309
HH-00419,10 Brolga Road,Mining Worker Camp North,0001,Demountable,Employer-provided,C,SM-722665
HH-00420,22 Mulga Court,Old Town,0001,Unit,Rental,B,SM-778428
HH-00421,145 Wattlebird Court,Old Town,0001,Demountable,Owner-occupied,C,SM-211090
HH-00422,67 Paperbark Lane,Pandanus Reach Central,0001,House,Rental,B,SM-703178
HH-00423,96 Wattlebird Court,Eastside Estate,0001,House,Rental,C,SM-258067
HH-00424,7 Pandanus Parade,Mining Worker Camp North,0001,Donga,Employer-provided,B,SM-190025
HH-00425,241 Coolibah Street,Pandanus Reach Central,0001,House,Owner-occupied,C,SM-646428
HH-00426,122 Mulga Court,Mining Worker Camp South,0001,Donga,Employer-provided,C,SM-434400
HH-00427,12 Mulga Court,Pandanus Reach Central,0001,House,Owner-occupied,A,SM-938913
HH-00428,190 Paperbark Lane,Pandanus Reach Central,0001,House,Rental,B,SM-547080
HH-00429,60 Wattlebird Court,Hospital Precinct,0001,House,Owner-occupied,C,SM-514798
HH-00430,158 Bloodwood Road,Pandanus Reach Central,0001,House,Rental,A,SM-325230
HH-00431,193 Spinifex Way,Eastside Estate,0001,House,Mortgaged,B,SM-483561
HH-00432,118 Mulga Court,Mining Worker Camp North,0001,Donga,Employer-provided,C,SM-653349
HH-00433,81 Tussock Avenue,Hospital Precinct,0001,House,Rental,A,SM-469082
HH-00434,159 Ironwood Crescent,Boundary Flats,0001,Demountable,Rental,C,SM-744333
HH-00435,173 Coolibah Street,Old Town,0001,House,Owner-occupied,A,SM-491439
HH-00436,131 Wattlebird Court,Riverside,0001,House,Owner-occupied,B,SM-294776
HH-00437,138 Ironwood Crescent,Mining Worker Camp South,0001,Demountable,Employer-provided,B,SM-247111
HH-00438,216 Wallaby Drive,Eastside Estate,0001,House,Mortgaged,D,SM-608149
HH-00439,209 Wattlebird Court,Pandanus Reach Central,0001,Demountable,Rental,B,SM-817956
HH-00440,182 Wallaby Drive,Mining Worker Camp South,0001,Donga,Employer-provided,A,SM-132359
HH-00441,57 Federation Street,Boundary Flats,0001,Public Housing,Public Housing,B,SM-276379
HH-00442,145 Pandanus Parade,Boundary Flats,0001,Public Housing,Public Housing,B,SM-380901
HH-00443,211 Brolga Road,Boundary Flats,0001,Public Housing,Public Housing,C,SM-562806
HH-00444,109 Mulga Court,Old Town,0001,Unit,Rental,B,SM-133796
HH-00445,90 Spinifex Way,Mining Worker Camp South,0001,Donga,Employer-provided,D,SM-913308
HH-00446,54 Ghost Gum Road,Boundary Flats,0001,Demountable,Rental,C,SM-548965
HH-00447,36 Bloodwood Road,Pandanus Reach Central,0001,Unit,Mortgaged,B,SM-658136
HH-00448,138 Ironwood Crescent,Eastside Estate,0001,House,Rental,B,SM-380329
HH-00449,132 Mulga Court,Hospital Precinct,0001,House,Mortgaged,B,SM-162165
HH-00450,222 Coolibah Street,Hospital Precinct,0001,Unit,Owner-occupied,A,SM-437742
HH-00451,195 Wattlebird Court,Boundary Flats,0001,Public Housing,Rental,C,SM-758309
HH-00452,116 Spinifex Way,Mining Worker Camp North,0001,Demountable,Employer-provided,C,SM-197616
HH-00453,192 Whitegum Avenue,Mining Worker Camp North,0001,Demountable,Employer-provided,C,SM-576782
HH-00454,84 Ghost Gum Road,Hospital Precinct,0001,House,Mortgaged,C,SM-866437
HH-00455,163 Brolga Road,Hospital Precinct,0001,Townhouse,Mortgaged,B,SM-550513
HH-00456,127 Whitegum Avenue,Boundary Flats,0001,Public Housing,Public Housing,B,SM-706007
HH-00457,219 Pandanus Parade,Pandanus Reach Central,0001,Unit,Mortgaged,C,SM-148174
HH-00458,201 Wallaby Drive,Pandanus Reach Central,0001,House,Mortgaged,A,SM-578693
HH-00459,246 Curlew Crescent,Pandanus Reach Central,0001,House,Rental,A,SM-781571
HH-00460,224 Whitegum Avenue,Eastside Estate,0001,House,Rental,A,SM-796787
HH-00461,43 Boab Place,Cattle Station Quarters,0001,Quarters,Employer-provided,B,SM-833417
HH-00462,110 Spinifex Way,Boundary Flats,0001,Demountable,Public Housing,B,SM-181724
HH-00463,58 Saltbush Lane,Pandanus Reach Central,0001,Unit,Owner-occupied,C,SM-956800
HH-00464,221 Curlew Crescent,Pandanus Reach Central,0001,Unit,Rental,B,SM-193670
HH-00465,27 Mulga Court,Riverside,0001,House,Mortgaged,A,SM-911032
HH-00466,224 Coolibah Street,Boundary Flats,0001,Demountable,Rental,A,SM-656278
HH-00467,157 Ironwood Crescent,Old Town,0001,House,Rental,C,SM-258727
HH-00468,158 Wallaby Drive,Cattle Station Quarters,0001,Demountable,Employer-provided,A,SM-205345
HH-00469,32 Ghost Gum Road,Pandanus Reach Central,0001,Unit,Rental,B,SM-929504
HH-00470,71 Spinifex Way,Pandanus Reach Central,0001,House,Rental,C,SM-398761
HH-00471,177 Acacia Drive,Boundary Flats,0001,Demountable,Rental,C,SM-315425
HH-00472,131 Bloodwood Road,Mining Worker Camp South,0001,Demountable,Employer-provided,B,SM-157219
HH-00473,204 Paperbark Lane,Boundary Flats,0001,Public Housing,Public Housing,B,SM-769077
HH-00474,136 Acacia Drive,Old Town,0001,Demountable,Mortgaged,A,SM-979727
HH-00475,94 Desert Oak Way,Old Town,0001,Unit,Mortgaged,D,SM-907788
HH-00476,151 Spinifex Way,Pandanus Reach Central,0001,House,Owner-occupied,D,SM-927630
HH-00477,74 Saltbush Lane,Mining Worker Camp North,0001,Demountable,Employer-provided,B,SM-521818
HH-00478,138 Desert Oak Way,Pandanus Reach Central,0001,House,Owner-occupied,B,SM-636141
HH-00479,250 Coolibah Street,Cattle Station Quarters,0001,Quarters,Employer-provided,B,SM-765105
HH-00480,167 Spinifex Way,Boundary Flats,0001,Public Housing,Public Housing,C,SM-987586
HH-00481,63 Spinifex Way,Eastside Estate,0001,Townhouse,Owner-occupied,C,SM-157701
HH-00482,190 Ironwood Crescent,Eastside Estate,0001,House,Rental,C,SM-271790
HH-00483,89 Saltbush Lane,Mining Worker Camp South,0001,Demountable,Employer-provided,C,SM-371840
HH-00484,33 Whitegum Avenue,Pandanus Reach Central,0001,Unit,Owner-occupied,C,SM-451284
HH-00485,70 Saltbush Lane,Boundary Flats,0001,Public Housing,Rental,D,SM-758015
HH-00486,117 Saltbush Lane,Pandanus Reach Central,0001,House,Rental,B,SM-485548
HH-00487,198 Mulga Court,Pandanus Reach Central,0001,Townhouse,Rental,A,SM-876764
HH-00488,12 Acacia Drive,Mining Worker Camp South,0001,Donga,Employer-provided,B,SM-501583
HH-00489,46 Boab Place,Cattle Station Quarters,0001,Quarters,Employer-provided,D,SM-876644
HH-00490,58 Lapwing Terrace,Old Town,0001,House,Mortgaged,B,SM-966120
HH-00491,96 Mulga Court,Pandanus Reach Central,0001,House,Mortgaged,A,SM-943409
HH-00492,12 Wattlebird Court,Mining Worker Camp South,0001,Donga,Employer-provided,B,SM-396020
HH-00493,80 Lapwing Terrace,Boundary Flats,0001,Public Housing,Public Housing,A,SM-310418
HH-00494,201 Federation Street,Eastside Estate,0001,Unit,Owner-occupied,B,SM-617326
HH-00495,199 Bloodwood Road,Hospital Precinct,0001,Unit,Rental,C,SM-257880
HH-00496,105 Acacia Drive,Pandanus Reach Central,0001,House,Owner-occupied,C,SM-110060
HH-00497,1 Wattlebird Court,Hospital Precinct,0001,Unit,Rental,A,SM-655550
HH-00498,108 Pandanus Parade,Hospital Precinct,0001,Demountable,Mortgaged,A,SM-393418
HH-00499,236 Paperbark Lane,Pandanus Reach Central,0001,Townhouse,Rental,C,SM-490586
HH-00500,192 Spinifex Way,Mining Worker Camp South,0001,Demountable,Employer-provided,B,SM-768169
HH-00501,20 Ghost Gum Road,Boundary Flats,0001,Public Housing,Public Housing,C,SM-237057
HH-00502,67 Lapwing Terrace,Eastside Estate,0001,Townhouse,Rental,C,SM-442099
HH-00503,70 Paperbark Lane,Eastside Estate,0001,House,Owner-occupied,C,SM-713110
HH-00504,28 Ironwood Crescent,Pandanus Reach Central,0001,House,Owner-occupied,A,SM-475691
HH-00505,54 Wallaby Drive,Hospital Precinct,0001,House,Owner-occupied,A,SM-265271
HH-00506,78 Tussock Avenue,Boundary Flats,0001,Public Housing,Public Housing,A,SM-845702
HH-00507,92 Wattlebird Court,Eastside Estate,0001,House,Rental,B,SM-282313
HH-00508,104 Wallaby Drive,Pandanus Reach Central,0001,House,Rental,A,SM-206857
HH-00509,36 Mulga Court,Boundary Flats,0001,Public Housing,Public Housing,A,SM-963684
HH-00510,176 Spinifex Way,Mining Worker Camp North,0001,Demountable,Employer-provided,B,SM-952227
HH-00511,17 Bloodwood Road,Pandanus Reach Central,0001,Townhouse,Rental,A,SM-988432
HH-00512,85 Mulga Court,Boundary Flats,0001,Public Housing,Public Housing,A,SM-701761
HH-00513,186 Wattlebird Court,Mining Worker Camp North,0001,Donga,Employer-provided,B,SM-547389
HH-00514,55 Ironwood Crescent,Pandanus Reach Central,0001,House,Rental,A,SM-743937
HH-00515,63 Federation Street,Old Town,0001,House,Mortgaged,B,SM-191982
HH-00516,36 Curlew Crescent,Eastside Estate,0001,House,Mortgaged,B,SM-761393
HH-00517,140 Acacia Drive,Hospital Precinct,0001,Demountable,Mortgaged,B,SM-670968
HH-00518,89 Ghost Gum Road,Boundary Flats,0001,Public Housing,Public Housing,B,SM-127329
HH-00519,57 Acacia Drive,Eastside Estate,0001,Townhouse,Mortgaged,A,SM-594596
HH-00520,197 Ghost Gum Road,Mining Worker Camp South,0001,Container Conversion,Employer-provided,D,SM-204998
HH-00521,62 Whitegum Avenue,Eastside Estate,0001,House,Mortgaged,C,SM-901164
HH-00522,57 Ghost Gum Road,Hospital Precinct,0001,Unit,Mortgaged,B,SM-979988
HH-00523,45 Ironwood Crescent,Hospital Precinct,0001,House,Owner-occupied,C,SM-476211
HH-00524,8 Brolga Road,Cattle Station Quarters,0001,Demountable,Employer-provided,B,SM-690462
HH-00525,215 Pandanus Parade,Hospital Precinct,0001,House,Owner-occupied,A,SM-158896
HH-00526,57 Acacia Drive,Eastside Estate,0001,House,Owner-occupied,D,SM-311250
HH-00527,88 Ironwood Crescent,Boundary Flats,0001,House,Public Housing,A,SM-254887
HH-00528,235 Coolibah Street,Old Town,0001,Unit,Mortgaged,C,SM-176054
HH-00529,242 Wattlebird Court,Mining Worker Camp North,0001,Demountable,Employer-provided,B,SM-438273
HH-00530,41 Curlew Crescent,Pandanus Reach Central,0001,Unit,Mortgaged,C,SM-282664
HH-00531,144 Tussock Avenue,Riverside,0001,Unit,Owner-occupied,B,SM-283869
HH-00532,188 Federation Street,Mining Worker Camp North,0001,Donga,Employer-provided,C,SM-836109
HH-00533,101 Ghost Gum Road,Hospital Precinct,0001,House,Rental,D,SM-741079
HH-00534,145 Mulga Court,Eastside Estate,0001,Townhouse,Owner-occupied,C,SM-349556
HH-00535,82 Ironwood Crescent,Mining Worker Camp North,0001,Demountable,Employer-provided,D,SM-961574
HH-00536,164 Lapwing Terrace,Riverside,0001,House,Owner-occupied,B,SM-171087
HH-00537,202 Mulga Court,Mining Worker Camp North,0001,Demountable,Employer-provided,A,SM-559507
HH-00538,249 Ironwood Crescent,Riverside,0001,Townhouse,Rental,B,SM-672547
HH-00539,213 Pandanus Parade,Mining Worker Camp North,0001,Demountable,Employer-provided,B,SM-895075
HH-00540,42 Wallaby Drive,Riverside,0001,House,Mortgaged,B,SM-434198
HH-00541,27 Spinifex Way,Eastside Estate,0001,House,Mortgaged,A,SM-178645
HH-00542,230 Spinifex Way,Old Town,0001,House,Mortgaged,C,SM-838726
HH-00543,242 Ironwood Crescent,Pandanus Reach Central,0001,House,Rental,A,SM-447177
HH-00544,49 Curlew Crescent,Eastside Estate,0001,Unit,Rental,C,SM-378150
HH-00545,77 Paperbark Lane,Old Town,0001,House,Rental,B,SM-614796
HH-00546,93 Acacia Drive,Pandanus Reach Central,0001,House,Owner-occupied,C,SM-729371
HH-00547,25 Acacia Drive,Mining Worker Camp South,0001,Donga,Employer-provided,C,SM-185916
HH-00548,30 Federation Street,Mining Worker Camp South,0001,Demountable,Employer-provided,B,SM-793150
HH-00549,165 Desert Oak Way,Eastside Estate,0001,House,Rental,B,SM-295646
HH-00550,68 Wallaby Drive,Mining Worker Camp South,0001,Donga,Employer-provided,B,SM-381607
HH-00551,39 Mulga Court,Old Town,0001,House,Owner-occupied,B,SM-893202
HH-00552,142 Boab Place,Old Town,0001,Unit,Mortgaged,B,SM-661527
HH-00553,240 Pandanus Parade,Riverside,0001,House,Owner-occupied,B,SM-513982
HH-00554,183 Boab Place,Cattle Station Quarters,0001,Quarters,Employer-provided,D,SM-939333
HH-00555,159 Coolibah Street,Old Town,0001,House,Mortgaged,A,SM-275284
HH-00556,207 Bloodwood Road,Hospital Precinct,0001,House,Rental,D,SM-556542
HH-00557,211 Coolibah Street,Eastside Estate,0001,Unit,Owner-occupied,D,SM-946561
HH-00558,100 Desert Oak Way,Pandanus Reach Central,0001,House,Owner-occupied,B,SM-580412
HH-00559,4 Tussock Avenue,Cattle Station Quarters,0001,Quarters,Employer-provided,C,SM-217984
HH-00560,38 Ghost Gum Road,Mining Worker Camp North,0001,Demountable,Employer-provided,C,SM-205071
HH-00561,145 Mulga Court,Cattle Station Quarters,0001,Quarters,Employer-provided,C,SM-460572
HH-00562,68 Wattlebird Court,Cattle Station Quarters,0001,Quarters,Employer-provided,B,SM-596025
HH-00563,71 Wattlebird Court,Pandanus Reach Central,0001,House,Rental,C,SM-140666
HH-00564,226 Lapwing Terrace,Mining Worker Camp North,0001,Demountable,Employer-provided,A,SM-598302
HH-00565,230 Brolga Road,Cattle Station Quarters,0001,Station House,Employer-provided,C,SM-417776
HH-00566,216 Pandanus Parade,Eastside Estate,0001,Townhouse,Rental,D,SM-339030
HH-00567,250 Wallaby Drive,Pandanus Reach Central,0001,Unit,Owner-occupied,C,SM-734366
HH-00568,49 Wallaby Drive,Old Town,0001,House,Mortgaged,C,SM-896386
HH-00569,96 Boab Place,Mining Worker Camp South,0001,Demountable,Employer-provided,A,SM-426236
HH-00570,104 Coolibah Street,Riverside,0001,Unit,Rental,B,SM-282176
HH-00571,214 Bloodwood Road,Eastside Estate,0001,Unit,Owner-occupied,B,SM-477880
HH-00572,71 Brolga Road,Riverside,0001,Unit,Rental,C,SM-229890
HH-00573,62 Brolga Road,Riverside,0001,House,Rental,D,SM-597635
HH-00574,90 Brolga Road,Old Town,0001,House,Mortgaged,C,SM-822312
HH-00575,8 Wattlebird Court,Pandanus Reach Central,0001,House,Mortgaged,C,SM-324729
HH-00576,166 Paperbark Lane,Boundary Flats,0001,Demountable,Public Housing,C,SM-638214
HH-00577,200 Acacia Drive,Pandanus Reach Central,0001,House,Owner-occupied,A,SM-939767
HH-00578,65 Tussock Avenue,Pandanus Reach Central,0001,Unit,Owner-occupied,D,SM-773962
HH-00579,230 Wattlebird Court,Eastside Estate,0001,Townhouse,Rental,B,SM-416822
HH-00580,212 Tussock Avenue,Riverside,0001,House,Owner-occupied,B,SM-794530
HH-00581,215 Brolga Road,Hospital Precinct,0001,House,Rental,B,SM-817659
HH-00582,17 Lapwing Terrace,Pandanus Reach Central,0001,Demountable,Rental,C,SM-373832
HH-00583,244 Federation Street,Old Town,0001,House,Rental,B,SM-159532
HH-00584,206 Tussock Avenue,Boundary Flats,0001,Public Housing,Public Housing,C,SM-856320
HH-00585,128 Federation Street,Pandanus Reach Central,0001,House,Rental,B,SM-137034
HH-00586,147 Bloodwood Road,Old Town,0001,House,Rental,C,SM-769320
HH-00587,233 Brolga Road,Boundary Flats,0001,Public Housing,Public Housing,C,SM-685365
HH-00588,25 Pandanus Parade,Eastside Estate,0001,House,Owner-occupied,C,SM-899977
HH-00589,243 Lapwing Terrace,Cattle Station Quarters,0001,Quarters,Employer-provided,B,SM-334176
HH-00590,79 Curlew Crescent,Riverside,0001,Unit,Owner-occupied,B,SM-408334
HH-00591,31 Pandanus Parade,Mining Worker Camp South,0001,Donga,Employer-provided,C,SM-708502
HH-00592,19 Pandanus Parade,Hospital Precinct,0001,Townhouse,Rental,C,SM-500209
HH-00593,106 Boab Place,Mining Worker Camp South,0001,Container Conversion,Employer-provided,A,SM-310026
HH-00594,146 Wallaby Drive,Mining Worker Camp North,0001,Donga,Employer-provided,C,SM-289117
HH-00595,125 Lapwing Terrace,Boundary Flats,0001,Demountable,Public Housing,B,SM-160831
HH-00596,71 Bloodwood Road,Pandanus Reach Central,0001,Unit,Owner-occupied,C,SM-613358
HH-00597,200 Spinifex Way,Boundary Flats,0001,Public Housing,Public Housing,C,SM-522988
HH-00598,123 Wattlebird Court,Mining Worker Camp North,0001,Donga,Employer-provided,B,SM-866151
HH-00599,4 Lapwing Terrace,Mining Worker Camp North,0001,Demountable,Employer-provided,B,SM-118786
HH-00600,161 Paperbark Lane,Riverside,0001,House,Mortgaged,B,SM-207697
HH-00601,151 Federation Street,Mining Worker Camp North,0001,Donga,Employer-provided,C,SM-412687
HH-00602,117 Saltbush Lane,Hospital Precinct,0001,House,Owner-occupied,C,SM-240288
HH-00603,231 Pandanus Parade,Mining Worker Camp North,0001,Donga,Employer-provided,A,SM-951452
HH-00604,59 Paperbark Lane,Mining Worker Camp North,0001,Demountable,Employer-provided,A,SM-869735
HH-00605,130 Ironwood Crescent,Pandanus Reach Central,0001,House,Rental,C,SM-493417
HH-00606,66 Desert Oak Way,Cattle Station Quarters,0001,Quarters,Employer-provided,B,SM-150290
HH-00607,168 Acacia Drive,Old Town,0001,House,Owner-occupied,B,SM-229598
HH-00608,122 Coolibah Street,Old Town,0001,House,Rental,A,SM-541315
HH-00609,170 Saltbush Lane,Old Town,0001,House,Rental,A,SM-971002
HH-00610,131 Tussock Avenue,Cattle Station Quarters,0001,Station House,Employer-provided,A,SM-211425
HH-00611,156 Bloodwood Road,Mining Worker Camp South,0001,Demountable,Employer-provided,C,SM-311469
HH-00612,105 Federation Street,Mining Worker Camp North,0001,Donga,Employer-provided,B,SM-317782
HH-00613,124 Lapwing Terrace,Riverside,0001,House,Owner-occupied,A,SM-215795
HH-00614,172 Pandanus Parade,Boundary Flats,0001,Public Housing,Public Housing,C,SM-178693
HH-00615,26 Whitegum Avenue,Riverside,0001,House,Rental,D,SM-376955
HH-00616,26 Ironwood Crescent,Mining Worker Camp South,0001,Container Conversion,Employer-provided,C,SM-477712
HH-00617,81 Curlew Crescent,Boundary Flats,0001,Demountable,Public Housing,C,SM-148118
HH-00618,36 Ironwood Crescent,Pandanus Reach Central,0001,House,Mortgaged,D,SM-381342
HH-00619,24 Brolga Road,Cattle Station Quarters,0001,Demountable,Employer-provided,A,SM-520245
HH-00620,117 Whitegum Avenue,Mining Worker Camp North,0001,Container Conversion,Employer-provided,C,SM-601476
HH-00621,167 Ironwood Crescent,Boundary Flats,0001,Public Housing,Rental,C,SM-985364
HH-00622,107 Ghost Gum Road,Pandanus Reach Central,0001,House,Rental,B,SM-741018
HH-00623,92 Tussock Avenue,Mining Worker Camp North,0001,Donga,Employer-provided,C,SM-979269
HH-00624,229 Coolibah Street,Riverside,0001,House,Rental,C,SM-562094
HH-00625,67 Lapwing Terrace,Pandanus Reach Central,0001,House,Mortgaged,B,SM-879746
HH-00626,145 Paperbark Lane,Old Town,0001,Demountable,Rental,B,SM-648513
HH-00627,159 Mulga Court,Riverside,0001,House,Rental,B,SM-795951
HH-00628,99 Coolibah Street,Riverside,0001,Unit,Rental,D,SM-157216
HH-00629,240 Ironwood Crescent,Pandanus Reach Central,0001,House,Rental,B,SM-273438
HH-00630,126 Lapwing Terrace,Pandanus Reach Central,0001,House,Mortgaged,A,SM-333524
HH-00631,97 Wattlebird Court,Old Town,0001,Unit,Owner-occupied,B,SM-700870
HH-00632,220 Pandanus Parade,Mining Worker Camp South,0001,Donga,Employer-provided,A,SM-621533
HH-00633,5 Mulga Court,Riverside,0001,House,Owner-occupied,B,SM-966028
HH-00634,155 Tussock Avenue,Pandanus Reach Central,0001,House,Mortgaged,B,SM-786393
HH-00635,244 Lapwing Terrace,Riverside,0001,House,Owner-occupied,B,SM-576535
HH-00636,197 Tussock Avenue,Mining Worker Camp North,0001,Demountable,Employer-provided,C,SM-480941
HH-00637,30 Mulga Court,Riverside,0001,Unit,Owner-occupied,B,SM-970196
HH-00638,205 Federation Street,Old Town,0001,House,Rental,A,SM-272129
HH-00639,211 Curlew Crescent,Mining Worker Camp South,0001,Donga,Employer-provided,C,SM-296653
HH-00640,219 Wattlebird Court,Pandanus Reach Central,0001,House,Mortgaged,A,SM-454349
HH-00641,107 Boab Place,Pandanus Reach Central,0001,Townhouse,Mortgaged,B,SM-909652
HH-00642,118 Ghost Gum Road,Cattle Station Quarters,0001,Demountable,Employer-provided,A,SM-623059
HH-00643,189 Boab Place,Pandanus Reach Central,0001,House,Rental,B,SM-633025
HH-00644,234 Ironwood Crescent,Boundary Flats,0001,Demountable,Public Housing,C,SM-234618
HH-00645,169 Tussock Avenue,Pandanus Reach Central,0001,House,Owner-occupied,C,SM-539001
HH-00646,235 Paperbark Lane,Hospital Precinct,0001,House,Mortgaged,D,SM-574843
HH-00647,36 Curlew Crescent,Boundary Flats,0001,Demountable,Rental,B,SM-984027
HH-00648,221 Lapwing Terrace,Riverside,0001,Unit,Mortgaged,C,SM-310647
HH-00649,183 Federation Street,Eastside Estate,0001,Unit,Mortgaged,A,SM-844904
HH-00650,246 Ironwood Crescent,Old Town,0001,House,Rental,B,SM-221011
HH-00651,144 Pandanus Parade,Boundary Flats,0001,Public Housing,Rental,C,SM-806995
HH-00652,216 Desert Oak Way,Riverside,0001,House,Mortgaged,C,SM-648122
HH-00653,98 Coolibah Street,Pandanus Reach Central,0001,House,Owner-occupied,B,SM-923690
HH-00654,74 Whitegum Avenue,Pandanus Reach Central,0001,House,Owner-occupied,C,SM-313910
HH-00655,9 Brolga Road,Boundary Flats,0001,Demountable,Public Housing,C,SM-808340
HH-00656,222 Paperbark Lane,Riverside,0001,Unit,Rental,B,SM-922405
HH-00657,179 Federation Street,Boundary Flats,0001,Demountable,Public Housing,D,SM-506380
HH-00658,202 Lapwing Terrace,Mining Worker Camp North,0001,Container Conversion,Employer-provided,A,SM-879794
HH-00659,159 Wallaby Drive,Eastside Estate,0001,Unit,Mortgaged,C,SM-779091
HH-00660,151 Desert Oak Way,Mining Worker Camp North,0001,Demountable,Employer-provided,A,SM-860127
HH-00661,76 Wallaby Drive,Hospital Precinct,0001,House,Rental,A,SM-282237
HH-00662,31 Wattlebird Court,Riverside,0001,House,Owner-occupied,B,SM-268746
HH-00663,66 Acacia Drive,Old Town,0001,House,Rental,A,SM-261169
HH-00664,153 Boab Place,Cattle Station Quarters,0001,Quarters,Employer-provided,C,SM-984096
HH-00665,126 Ghost Gum Road,Old Town,0001,House,Owner-occupied,C,SM-650916
HH-00666,48 Saltbush Lane,Eastside Estate,0001,House,Rental,B,SM-663123
HH-00667,90 Paperbark Lane,Mining Worker Camp North,0001,Container Conversion,Employer-provided,C,SM-447148
HH-00668,56 Tussock Avenue,Mining Worker Camp North,0001,Demountable,Employer-provided,D,SM-963699
HH-00669,167 Acacia Drive,Boundary Flats,0001,Public Housing,Public Housing,B,SM-773462
HH-00670,160 Paperbark Lane,Old Town,0001,Demountable,Rental,B,SM-934883
HH-00671,99 Whitegum Avenue,Hospital Precinct,0001,House,Owner-occupied,D,SM-962043
HH-00672,132 Saltbush Lane,Boundary Flats,0001,Public Housing,Public Housing,B,SM-783176
HH-00673,132 Spinifex Way,Eastside Estate,0001,Townhouse,Owner-occupied,D,SM-664107
HH-00674,161 Spinifex Way,Mining Worker Camp South,0001,Donga,Employer-provided,C,SM-323530
HH-00675,109 Mulga Court,Cattle Station Quarters,0001,Station House,Employer-provided,C,SM-877388
HH-00676,166 Spinifex Way,Boundary Flats,0001,Demountable,Public Housing,A,SM-851690
HH-00677,23 Spinifex Way,Mining Worker Camp North,0001,Donga,Employer-provided,C,SM-685193
HH-00678,211 Paperbark Lane,Pandanus Reach Central,0001,Townhouse,Rental,B,SM-524094
HH-00679,5 Wattlebird Court,Mining Worker Camp North,0001,Demountable,Employer-provided,B,SM-772580
HH-00680,17 Ghost Gum Road,Riverside,0001,House,Mortgaged,B,SM-627262
HH-00681,202 Federation Street,Pandanus Reach Central,0001,House,Owner-occupied,D,SM-499941
HH-00682,170 Acacia Drive,Mining Worker Camp North,0001,Donga,Employer-provided,B,SM-243006
HH-00683,204 Desert Oak Way,Riverside,0001,House,Rental,B,SM-933635
HH-00684,166 Brolga Road,Cattle Station Quarters,0001,Demountable,Employer-provided,A,SM-682032
HH-00685,11 Acacia Drive,Pandanus Reach Central,0001,House,Rental,B,SM-189261
HH-00686,192 Brolga Road,Eastside Estate,0001,House,Mortgaged,C,SM-249375
HH-00687,57 Tussock Avenue,Pandanus Reach Central,0001,Unit,Owner-occupied,A,SM-938504
HH-00688,14 Desert Oak Way,Old Town,0001,House,Rental,B,SM-170634
HH-00689,51 Ghost Gum Road,Eastside Estate,0001,House,Owner-occupied,A,SM-787313
HH-00690,73 Tussock Avenue,Eastside Estate,0001,House,Owner-occupied,B,SM-444295
HH-00691,79 Ghost Gum Road,Old Town,0001,House,Rental,C,SM-549112
HH-00692,81 Paperbark Lane,Pandanus Reach Central,0001,Unit,Rental,C,SM-390119
HH-00693,35 Lapwing Terrace,Boundary Flats,0001,House,Public Housing,B,SM-912402
HH-00694,142 Mulga Court,Eastside Estate,0001,House,Rental,C,SM-966589
HH-00695,138 Bloodwood Road,Pandanus Reach Central,0001,House,Mortgaged,A,SM-179062
HH-00696,218 Saltbush Lane,Cattle Station Quarters,0001,Quarters,Employer-provided,C,SM-707021
HH-00697,152 Bloodwood Road,Mining Worker Camp North,0001,Container Conversion,Employer-provided,B,SM-669868
HH-00698,139 Pandanus Parade,Cattle Station Quarters,0001,Quarters,Employer-provided,A,SM-511564
HH-00699,198 Ghost Gum Road,Eastside Estate,0001,Unit,Owner-occupied,B,SM-635205
HH-00700,94 Saltbush Lane,Pandanus Reach Central,0001,House,Owner-occupied,D,SM-743863
HH-00701,194 Saltbush Lane,Riverside,0001,House,Owner-occupied,B,SM-693297
HH-00702,248 Coolibah Street,Old Town,0001,Unit,Rental,B,SM-329448
HH-00703,60 Spinifex Way,Boundary Flats,0001,Public Housing,Public Housing,A,SM-316818
HH-00704,203 Brolga Road,Mining Worker Camp South,0001,Donga,Employer-provided,D,SM-148693
HH-00705,167 Lapwing Terrace,Pandanus Reach Central,0001,House,Mortgaged,C,SM-386780
HH-00706,68 Ghost Gum Road,Boundary Flats,0001,Public Housing,Public Housing,B,SM-496905
HH-00707,168 Spinifex Way,Mining Worker Camp North,0001,Demountable,Employer-provided,B,SM-333726
HH-00708,91 Brolga Road,Mining Worker Camp South,0001,Donga,Employer-provided,B,SM-733561
HH-00709,226 Coolibah Street,Pandanus Reach Central,0001,House,Owner-occupied,B,SM-394450
HH-00710,48 Ironwood Crescent,Eastside Estate,0001,House,Rental,A,SM-341535
HH-00711,85 Mulga Court,Mining Worker Camp North,0001,Donga,Employer-provided,B,SM-320939
HH-00712,166 Curlew Crescent,Old Town,0001,House,Owner-occupied,B,SM-268956
HH-00713,132 Boab Place,Pandanus Reach Central,0001,Townhouse,Owner-occupied,A,SM-288783
HH-00714,104 Tussock Avenue,Mining Worker Camp South,0001,Container Conversion,Employer-provided,C,SM-854500
HH-00715,211 Federation Street,Riverside,0001,Townhouse,Owner-occupied,C,SM-594312
HH-00716,44 Paperbark Lane,Cattle Station Quarters,0001,Demountable,Employer-provided,C,SM-933215
HH-00717,197 Ironwood Crescent,Old Town,0001,House,Rental,A,SM-818894
HH-00718,117 Tussock Avenue,Mining Worker Camp North,0001,Demountable,Employer-provided,B,SM-504186
HH-00719,5 Bloodwood Road,Pandanus Reach Central,0001,House,Mortgaged,C,SM-966662
HH-00720,25 Ironwood Crescent,Pandanus Reach Central,0001,House,Rental,A,SM-921945
HH-00721,193 Mulga Court,Mining Worker Camp South,0001,Donga,Employer-provided,C,SM-732789
HH-00722,1 Curlew Crescent,Mining Worker Camp South,0001,Demountable,Employer-provided,B,SM-145548
HH-00723,110 Paperbark Lane,Riverside,0001,Townhouse,Rental,C,SM-467544
HH-00724,190 Ghost Gum Road,Old Town,0001,House,Owner-occupied,B,SM-343807
HH-00725,22 Federation Street,Cattle Station Quarters,0001,Quarters,Employer-provided,B,SM-370328
HH-00726,182 Acacia Drive,Eastside Estate,0001,House,Owner-occupied,A,SM-786341
HH-00727,206 Lapwing Terrace,Eastside Estate,0001,House,Owner-occupied,B,SM-713805
HH-00728,219 Desert Oak Way,Eastside Estate,0001,House,Rental,B,SM-813666
HH-00729,53 Curlew Crescent,Mining Worker Camp North,0001,Demountable,Employer-provided,B,SM-287401
HH-00730,143 Pandanus Parade,Mining Worker Camp North,0001,Donga,Employer-provided,B,SM-461083
HH-00731,102 Coolibah Street,Boundary Flats,0001,House,Rental,A,SM-340932
HH-00732,180 Ironwood Crescent,Mining Worker Camp South,0001,Donga,Employer-provided,B,SM-924265
HH-00733,141 Tussock Avenue,Mining Worker Camp North,0001,Demountable,Employer-provided,C,SM-268546
HH-00734,163 Acacia Drive,Mining Worker Camp North,0001,Container Conversion,Employer-provided,C,SM-594580
HH-00735,112 Spinifex Way,Cattle Station Quarters,0001,Station House,Employer-provided,B,SM-183927
HH-00736,186 Wattlebird Court,Old Town,0001,Townhouse,Rental,C,SM-400384
HH-00737,153 Boab Place,Riverside,0001,Townhouse,Mortgaged,C,SM-560295
HH-00738,218 Saltbush Lane,Pandanus Reach Central,0001,House,Owner-occupied,B,SM-640869
HH-00739,158 Ironwood Crescent,Riverside,0001,Unit,Rental,C,SM-265092
HH-00740,71 Wattlebird Court,Pandanus Reach Central,0001,House,Rental,B,SM-642892
HH-00741,181 Spinifex Way,Pandanus Reach Central,0001,Townhouse,Rental,C,SM-686273
HH-00742,90 Brolga Road,Cattle Station Quarters,0001,Demountable,Employer-provided,B,SM-735818
HH-00743,117 Wattlebird Court,Hospital Precinct,0001,House,Owner-occupied,B,SM-211636
HH-00744,129 Federation Street,Old Town,0001,House,Owner-occupied,B,SM-370211
HH-00745,209 Ghost Gum Road,Cattle Station Quarters,0001,Station House,Employer-provided,B,SM-495397
HH-00746,198 Paperbark Lane,Old Town,0001,Unit,Mortgaged,B,SM-583100
HH-00747,221 Acacia Drive,Cattle Station Quarters,0001,Quarters,Employer-provided,B,SM-501261
HH-00748,57 Paperbark Lane,Old Town,0001,Unit,Rental,B,SM-661671
HH-00749,214 Whitegum Avenue,Pandanus Reach Central,0001,House,Owner-occupied,C,SM-960959
HH-00750,142 Ironwood Crescent,Mining Worker Camp North,0001,Donga,Employer-provided,B,SM-701581
HH-00751,243 Bloodwood Road,Eastside Estate,0001,House,Owner-occupied,C,SM-378297
HH-00752,52 Paperbark Lane,Eastside Estate,0001,Unit,Rental,C,SM-225701
HH-00753,174 Pandanus Parade,Cattle Station Quarters,0001,Quarters,Employer-provided,C,SM-667776
HH-00754,218 Pandanus Parade,Hospital Precinct,0001,House,Owner-occupied,C,SM-702427
HH-00755,126 Ironwood Crescent,Cattle Station Quarters,0001,Demountable,Employer-provided,D,SM-393880
HH-00756,193 Ghost Gum Road,Mining Worker Camp North,0001,Donga,Employer-provided,B,SM-543732
HH-00757,139 Boab Place,Mining Worker Camp South,0001,Demountable,Employer-provided,B,SM-819678
HH-00758,118 Mulga Court,Boundary Flats,0001,Demountable,Public Housing,B,SM-108827
HH-00759,54 Wattlebird Court,Pandanus Reach Central,0001,House,Owner-occupied,C,SM-372315
HH-00760,68 Paperbark Lane,Eastside Estate,0001,House,Mortgaged,B,SM-292847
HH-00761,54 Curlew Crescent,Mining Worker Camp South,0001,Demountable,Employer-provided,B,SM-995825
HH-00762,116 Ironwood Crescent,Mining Worker Camp North,0001,Demountable,Employer-provided,D,SM-819335
HH-00763,26 Whitegum Avenue,Eastside Estate,0001,Unit,Rental,C,SM-305587
HH-00764,246 Coolibah Street,Pandanus Reach Central,0001,House,Owner-occupied,B,SM-241003
HH-00765,218 Saltbush Lane,Hospital Precinct,0001,House,Owner-occupied,B,SM-363165
HH-00766,146 Boab Place,Old Town,0001,House,Rental,A,SM-953350
HH-00767,215 Mulga Court,Eastside Estate,0001,House,Owner-occupied,B,SM-687569
HH-00768,208 Whitegum Avenue,Old Town,0001,House,Rental,B,SM-812597
HH-00769,51 Ghost Gum Road,Hospital Precinct,0001,House,Rental,A,SM-918213
HH-00770,84 Saltbush Lane,Eastside Estate,0001,House,Rental,C,SM-499581
HH-00771,119 Coolibah Street,Old Town,0001,Townhouse,Rental,D,SM-542306
HH-00772,147 Wattlebird Court,Old Town,0001,Unit,Owner-occupied,A,SM-339303
HH-00773,168 Federation Street,Eastside Estate,0001,Unit,Rental,B,SM-566509
HH-00774,241 Brolga Road,Boundary Flats,0001,Demountable,Rental,D,SM-534098
HH-00775,219 Acacia Drive,Pandanus Reach Central,0001,House,Owner-occupied,B,SM-880009
HH-00776,21 Bloodwood Road,Riverside,0001,House,Owner-occupied,A,SM-596171
HH-00777,7 Wattlebird Court,Old Town,0001,House,Mortgaged,A,SM-748127
HH-00778,168 Wattlebird Court,Pandanus Reach Central,0001,House,Owner-occupied,B,SM-756912
HH-00779,135 Ironwood Crescent,Pandanus Reach Central,0001,House,Rental,C,SM-440998
HH-00780,120 Desert Oak Way,Cattle Station Quarters,0001,Demountable,Employer-provided,B,SM-241678
HH-00781,179 Desert Oak Way,Hospital Precinct,0001,House,Rental,C,SM-766738
HH-00782,112 Saltbush Lane,Cattle Station Quarters,0001,Quarters,Employer-provided,B,SM-464032
HH-00783,59 Spinifex Way,Mining Worker Camp South,0001,Donga,Employer-provided,B,SM-372427
HH-00784,3 Acacia Drive,Pandanus Reach Central,0001,House,Mortgaged,A,SM-400692
HH-00785,3 Pandanus Parade,Mining Worker Camp South,0001,Container Conversion,Employer-provided,B,SM-109576
HH-00786,205 Federation Street,Boundary Flats,0001,Public Housing,Public Housing,B,SM-297731
HH-00787,144 Curlew Crescent,Mining Worker Camp North,0001,Donga,Employer-provided,A,SM-872924
HH-00788,213 Wattlebird Court,Old Town,0001,House,Owner-occupied,C,SM-641704
HH-00789,233 Tussock Avenue,Boundary Flats,0001,Demountable,Rental,B,SM-779956
HH-00790,208 Whitegum Avenue,Riverside,0001,House,Mortgaged,A,SM-403662
HH-00791,117 Tussock Avenue,Pandanus Reach Central,0001,House,Rental,B,SM-436219
HH-00792,13 Desert Oak Way,Pandanus Reach Central,0001,House,Mortgaged,B,SM-231113
HH-00793,187 Acacia Drive,Riverside,0001,House,Owner-occupied,B,SM-458521
HH-00794,202 Pandanus Parade,Mining Worker Camp North,0001,Container Conversion,Employer-provided,B,SM-929868
HH-00795,21 Coolibah Street,Pandanus Reach Central,0001,House,Mortgaged,A,SM-592984
HH-00796,230 Whitegum Avenue,Eastside Estate,0001,Unit,Mortgaged,A,SM-905459
HH-00797,99 Wallaby Drive,Riverside,0001,House,Mortgaged,A,SM-871041
HH-00798,134 Bloodwood Road,Boundary Flats,0001,Public Housing,Rental,D,SM-438756
HH-00799,187 Boab Place,Pandanus Reach Central,0001,Unit,Rental,A,SM-604605
HH-00800,51 Brolga Road,Old Town,0001,Townhouse,Mortgaged,B,SM-218414
HH-00801,112 Lapwing Terrace,Eastside Estate,0001,House,Mortgaged,B,SM-515035
HH-00802,3 Boab Place,Boundary Flats,0001,Public Housing,Rental,B,SM-725173
HH-00803,198 Spinifex Way,Pandanus Reach Central,0001,House,Rental,C,SM-454861
HH-00804,195 Boab Place,Cattle Station Quarters,0001,Station House,Employer-provided,C,SM-835395
HH-00805,28 Coolibah Street,Mining Worker Camp South,0001,Donga,Employer-provided,B,SM-685472
HH-00806,194 Brolga Road,Boundary Flats,0001,Demountable,Public Housing,C,SM-122390
HH-00807,92 Coolibah Street,Riverside,0001,House,Owner-occupied,C,SM-686179
HH-00808,179 Pandanus Parade,Eastside Estate,0001,House,Owner-occupied,B,SM-867979
HH-00809,223 Tussock Avenue,Mining Worker Camp South,0001,Container Conversion,Employer-provided,B,SM-172222
HH-00810,116 Federation Street,Mining Worker Camp South,0001,Container Conversion,Employer-provided,B,SM-576136
HH-00811,164 Saltbush Lane,Pandanus Reach Central,0001,House,Owner-occupied,A,SM-998450
HH-00812,159 Paperbark Lane,Mining Worker Camp North,0001,Donga,Employer-provided,A,SM-665136
HH-00813,49 Saltbush Lane,Boundary Flats,0001,Demountable,Rental,A,SM-396882
HH-00814,165 Lapwing Terrace,Mining Worker Camp North,0001,Donga,Employer-provided,B,SM-169918
HH-00815,241 Coolibah Street,Pandanus Reach Central,0001,House,Owner-occupied,A,SM-300924
HH-00816,147 Wattlebird Court,Pandanus Reach Central,0001,Unit,Rental,C,SM-368371
HH-00817,57 Tussock Avenue,Pandanus Reach Central,0001,Unit,Owner-occupied,D,SM-787603
HH-00818,228 Spinifex Way,Mining Worker Camp South,0001,Donga,Employer-provided,C,SM-478458
HH-00819,241 Curlew Crescent,Old Town,0001,Unit,Mortgaged,A,SM-746901
HH-00820,11 Spinifex Way,Eastside Estate,0001,Unit,Owner-occupied,B,SM-644719
HH-00821,186 Paperbark Lane,Pandanus Reach Central,0001,House,Owner-occupied,B,SM-360846
HH-00822,243 Ironwood Crescent,Old Town,0001,House,Rental,C,SM-903506
HH-00823,92 Wallaby Drive,Old Town,0001,Unit,Rental,A,SM-930956
HH-00824,103 Saltbush Lane,Eastside Estate,0001,House,Owner-occupied,D,SM-564531
HH-00825,232 Lapwing Terrace,Cattle Station Quarters,0001,Quarters,Employer-provided,D,SM-985893
HH-00826,196 Curlew Crescent,Mining Worker Camp North,0001,Container Conversion,Employer-provided,B,SM-352415
HH-00827,55 Wattlebird Court,Old Town,0001,Unit,Mortgaged,B,SM-574379
HH-00828,102 Acacia Drive,Mining Worker Camp South,0001,Demountable,Employer-provided,D,SM-724702
HH-00829,35 Federation Street,Pandanus Reach Central,0001,House,Mortgaged,B,SM-430201
HH-00830,211 Whitegum Avenue,Pandanus Reach Central,0001,Townhouse,Rental,B,SM-699378
HH-00831,10 Wallaby Drive,Pandanus Reach Central,0001,House,Owner-occupied,B,SM-710434
HH-00832,66 Federation Street,Eastside Estate,0001,House,Rental,D,SM-869933
HH-00833,84 Pandanus Parade,Pandanus Reach Central,0001,House,Mortgaged,C,SM-704223
HH-00834,25 Tussock Avenue,Boundary Flats,0001,Demountable,Public Housing,C,SM-704277
HH-00835,200 Boab Place,Mining Worker Camp North,0001,Container Conversion,Employer-provided,B,SM-956835
HH-00836,239 Mulga Court,Mining Worker Camp North,0001,Container Conversion,Employer-provided,B,SM-784488
HH-00837,238 Acacia Drive,Boundary Flats,0001,Demountable,Rental,B,SM-419588
HH-00838,82 Desert Oak Way,Mining Worker Camp South,0001,Demountable,Employer-provided,B,SM-831663
HH-00839,13 Wattlebird Court,Eastside Estate,0001,Demountable,Mortgaged,B,SM-194458
HH-00840,75 Wattlebird Court,Eastside Estate,0001,House,Owner-occupied,B,SM-881519
HH-00841,103 Whitegum Avenue,Pandanus Reach Central,0001,House,Rental,C,SM-236708
HH-00842,124 Desert Oak Way,Boundary Flats,0001,Public Housing,Public Housing,C,SM-305625
HH-00843,189 Saltbush Lane,Old Town,0001,House,Owner-occupied,C,SM-439121
HH-00844,148 Spinifex Way,Riverside,0001,House,Rental,B,SM-299742
HH-00845,153 Acacia Drive,Mining Worker Camp North,0001,Demountable,Employer-provided,A,SM-466704
HH-00846,206 Wallaby Drive,Old Town,0001,House,Rental,D,SM-344831
HH-00847,96 Coolibah Street,Eastside Estate,0001,Unit,Mortgaged,A,SM-157187
HH-00848,159 Coolibah Street,Eastside Estate,0001,Townhouse,Mortgaged,A,SM-827497
HH-00849,79 Wallaby Drive,Boundary Flats,0001,Public Housing,Public Housing,B,SM-664139
HH-00850,140 Saltbush Lane,Eastside Estate,0001,Unit,Rental,C,SM-248213
HH-00851,172 Acacia Drive,Riverside,0001,House,Mortgaged,B,SM-367865
HH-00852,73 Bloodwood Road,Pandanus Reach Central,0001,Unit,Rental,A,SM-786563
HH-00853,18 Wattlebird Court,Hospital Precinct,0001,Unit,Rental,D,SM-477717
HH-00854,5 Federation Street,Cattle Station Quarters,0001,Demountable,Employer-provided,C,SM-342397
HH-00855,131 Mulga Court,Hospital Precinct,0001,Townhouse,Rental,B,SM-192296
HH-00856,129 Wallaby Drive,Eastside Estate,0001,House,Rental,A,SM-655132
HH-00857,126 Wattlebird Court,Eastside Estate,0001,Unit,Owner-occupied,C,SM-472640
HH-00858,61 Saltbush Lane,Old Town,0001,House,Owner-occupied,B,SM-505977
HH-00859,209 Acacia Drive,Cattle Station Quarters,0001,Demountable,Employer-provided,D,SM-336540
HH-00860,230 Wattlebird Court,Pandanus Reach Central,0001,Unit,Owner-occupied,B,SM-810929
HH-00861,161 Paperbark Lane,Old Town,0001,House,Rental,B,SM-427557
HH-00862,85 Wallaby Drive,Cattle Station Quarters,0001,Quarters,Employer-provided,B,SM-245308
HH-00863,176 Bloodwood Road,Old Town,0001,Townhouse,Owner-occupied,C,SM-649249
HH-00864,111 Coolibah Street,Cattle Station Quarters,0001,Quarters,Employer-provided,B,SM-265725
HH-00865,143 Desert Oak Way,Eastside Estate,0001,Townhouse,Owner-occupied,B,SM-252591
HH-00866,196 Lapwing Terrace,Riverside,0001,Townhouse,Rental,B,SM-564523
HH-00867,211 Whitegum Avenue,Riverside,0001,House,Owner-occupied,A,SM-127470
HH-00868,157 Tussock Avenue,Boundary Flats,0001,Public Housing,Rental,C,SM-725329
HH-00869,176 Acacia Drive,Eastside Estate,0001,House,Rental,B,SM-626725
HH-00870,121 Brolga Road,Boundary Flats,0001,Public Housing,Public Housing,B,SM-244192
HH-00871,58 Boab Place,Pandanus Reach Central,0001,House,Mortgaged,D,SM-533108
HH-00872,172 Bloodwood Road,Eastside Estate,0001,Unit,Owner-occupied,D,SM-560623
HH-00873,126 Lapwing Terrace,Cattle Station Quarters,0001,Demountable,Employer-provided,C,SM-548324
HH-00874,11 Tussock Avenue,Mining Worker Camp North,0001,Demountable,Employer-provided,B,SM-428096
HH-00875,241 Ghost Gum Road,Mining Worker Camp North,0001,Demountable,Employer-provided,B,SM-838315
HH-00876,134 Mulga Court,Boundary Flats,0001,Public Housing,Public Housing,C,SM-357657
HH-00877,102 Boab Place,Mining Worker Camp South,0001,Demountable,Employer-provided,B,SM-761282
HH-00878,49 Federation Street,Hospital Precinct,0001,House,Mortgaged,C,SM-399803
HH-00879,109 Federation Street,Mining Worker Camp South,0001,Demountable,Employer-provided,A,SM-642081
HH-00880,119 Wallaby Drive,Cattle Station Quarters,0001,Station House,Employer-provided,B,SM-288503
HH-00881,241 Desert Oak Way,Boundary Flats,0001,Public Housing,Public Housing,B,SM-126122
HH-00882,152 Bloodwood Road,Pandanus Reach Central,0001,Townhouse,Owner-occupied,B,SM-780081
HH-00883,204 Ironwood Crescent,Cattle Station Quarters,0001,Quarters,Employer-provided,A,SM-219710
HH-00884,163 Brolga Road,Riverside,0001,House,Rental,C,SM-636521
HH-00885,41 Wattlebird Court,Old Town,0001,House,Owner-occupied,A,SM-451475
HH-00886,169 Coolibah Street,Old Town,0001,House,Owner-occupied,C,SM-153802
HH-00887,80 Wallaby Drive,Mining Worker Camp North,0001,Donga,Employer-provided,A,SM-237962
HH-00888,1 Tussock Avenue,Hospital Precinct,0001,Unit,Owner-occupied,B,SM-622864
HH-00889,2 Tussock Avenue,Old Town,0001,Townhouse,Owner-occupied,B,SM-598820
HH-00890,114 Spinifex Way,Mining Worker Camp South,0001,Demountable,Employer-provided,A,SM-673929
HH-00891,161 Desert Oak Way,Eastside Estate,0001,Unit,Owner-occupied,A,SM-157738
HH-00892,10 Coolibah Street,Old Town,0001,Townhouse,Rental,C,SM-412938
HH-00893,23 Boab Place,Mining Worker Camp North,0001,Donga,Employer-provided,D,SM-269172
HH-00894,157 Tussock Avenue,Riverside,0001,House,Rental,D,SM-885734
HH-00895,239 Boab Place,Old Town,0001,House,Owner-occupied,B,SM-497346
HH-00896,195 Curlew Crescent,Boundary Flats,0001,Demountable,Public Housing,B,SM-241081
HH-00897,221 Whitegum Avenue,Pandanus Reach Central,0001,House,Rental,B,SM-319205
HH-00898,28 Ghost Gum Road,Old Town,0001,Unit,Rental,D,SM-607157
HH-00899,155 Federation Street,Riverside,0001,House,Mortgaged,B,SM-703080
HH-00900,91 Coolibah Street,Hospital Precinct,0001,House,Rental,C,SM-621919
HH-00901,47 Tussock Avenue,Mining Worker Camp South,0001,Donga,Employer-provided,B,SM-302957
HH-00902,7 Wallaby Drive,Pandanus Reach Central,0001,House,Owner-occupied,C,SM-938403
HH-00903,107 Curlew Crescent,Old Town,0001,House,Owner-occupied,C,SM-322652
HH-00904,52 Federation Street,Pandanus Reach Central,0001,House,Owner-occupied,B,SM-676710
HH-00905,2 Mulga Court,Mining Worker Camp North,0001,Demountable,Employer-provided,B,SM-859584
HH-00906,246 Acacia Drive,Old Town,0001,Unit,Owner-occupied,C,SM-805139
HH-00907,122 Boab Place,Mining Worker Camp South,0001,Demountable,Employer-provided,B,SM-757667
HH-00908,222 Desert Oak Way,Mining Worker Camp South,0001,Container Conversion,Employer-provided,B,SM-953715
HH-00909,191 Boab Place,Mining Worker Camp North,0001,Container Conversion,Employer-provided,B,SM-860180
HH-00910,143 Desert Oak Way,Riverside,0001,House,Rental,B,SM-934438
HH-00911,249 Coolibah Street,Mining Worker Camp North,0001,Donga,Employer-provided,A,SM-493468
HH-00912,216 Ironwood Crescent,Old Town,0001,House,Rental,B,SM-920347
HH-00913,181 Lapwing Terrace,Boundary Flats,0001,Demountable,Public Housing,B,SM-621199
HH-00914,96 Wallaby Drive,Cattle Station Quarters,0001,Demountable,Employer-provided,B,SM-650607
HH-00915,29 Brolga Road,Eastside Estate,0001,Unit,Mortgaged,D,SM-565330
HH-00916,205 Pandanus Parade,Mining Worker Camp South,0001,Container Conversion,Employer-provided,A,SM-456637
HH-00917,188 Saltbush Lane,Cattle Station Quarters,0001,Quarters,Employer-provided,B,SM-906859
HH-00918,211 Saltbush Lane,Cattle Station Quarters,0001,Quarters,Employer-provided,A,SM-859767
HH-00919,100 Saltbush Lane,Pandanus Reach Central,0001,House,Owner-occupied,A,SM-989322
HH-00920,23 Lapwing Terrace,Old Town,0001,House,Owner-occupied,B,SM-790995
HH-00921,6 Ghost Gum Road,Riverside,0001,Unit,Rental,B,SM-310297
HH-00922,71 Desert Oak Way,Eastside Estate,0001,House,Rental,A,SM-256574
HH-00923,30 Acacia Drive,Pandanus Reach Central,0001,Demountable,Rental,A,SM-668882
HH-00924,82 Whitegum Avenue,Mining Worker Camp North,0001,Donga,Employer-provided,C,SM-397027
HH-00925,44 Spinifex Way,Old Town,0001,House,Mortgaged,B,SM-153190
HH-00926,121 Boab Place,Pandanus Reach Central,0001,House,Owner-occupied,B,SM-287677
HH-00927,229 Ghost Gum Road,Riverside,0001,House,Rental,B,SM-472899
HH-00928,210 Bloodwood Road,Eastside Estate,0001,Unit,Rental,B,SM-892453
HH-00929,146 Coolibah Street,Boundary Flats,0001,Public Housing,Rental,B,SM-577714
HH-00930,165 Wallaby Drive,Eastside Estate,0001,House,Mortgaged,A,SM-746910
HH-00931,94 Wattlebird Court,Eastside Estate,0001,House,Mortgaged,B,SM-440536
HH-00932,8 Spinifex Way,Mining Worker Camp South,0001,Donga,Employer-provided,B,SM-583646
HH-00933,73 Brolga Road,Boundary Flats,0001,Demountable,Public Housing,B,SM-525392
HH-00934,204 Mulga Court,Boundary Flats,0001,Public Housing,Rental,A,SM-416793
HH-00935,103 Ghost Gum Road,Mining Worker Camp South,0001,Donga,Employer-provided,C,SM-674566
HH-00936,124 Wattlebird Court,Pandanus Reach Central,0001,House,Owner-occupied,C,SM-552091
HH-00937,112 Ghost Gum Road,Boundary Flats,0001,Demountable,Rental,C,SM-281493
HH-00938,20 Ghost Gum Road,Old Town,0001,Unit,Owner-occupied,B,SM-441183
HH-00939,211 Wallaby Drive,Old Town,0001,House,Mortgaged,A,SM-214027
HH-00940,153 Wattlebird Court,Riverside,0001,House,Rental,A,SM-328182
HH-00941,228 Ghost Gum Road,Boundary Flats,0001,House,Rental,C,SM-893853
HH-00942,39 Wallaby Drive,Pandanus Reach Central,0001,House,Rental,B,SM-305171
HH-00943,225 Lapwing Terrace,Eastside Estate,0001,House,Mortgaged,C,SM-555844
HH-00944,235 Brolga Road,Riverside,0001,Demountable,Rental,C,SM-635218
HH-00945,33 Federation Street,Mining Worker Camp North,0001,Donga,Employer-provided,D,SM-155708
HH-00946,144 Brolga Road,Pandanus Reach Central,0001,House,Owner-occupied,A,SM-552686
HH-00947,101 Lapwing Terrace,Riverside,0001,Unit,Rental,B,SM-321476
HH-00948,122 Coolibah Street,Old Town,0001,House,Rental,D,SM-980764
HH-00949,74 Coolibah Street,Mining Worker Camp North,0001,Donga,Employer-provided,A,SM-116470
HH-00950,227 Pandanus Parade,Pandanus Reach Central,0001,Unit,Mortgaged,A,SM-243885
HH-00951,107 Wallaby Drive,Old Town,0001,Townhouse,Rental,D,SM-753523
HH-00952,131 Curlew Crescent,Pandanus Reach Central,0001,House,Rental,B,SM-294816
HH-00953,2 Ghost Gum Road,Mining Worker Camp North,0001,Donga,Employer-provided,C,SM-846722
HH-00954,106 Desert Oak Way,Mining Worker Camp South,0001,Demountable,Employer-provided,A,SM-139704
HH-00955,181 Brolga Road,Old Town,0001,House,Rental,C,SM-248989
HH-00956,135 Whitegum Avenue,Riverside,0001,House,Owner-occupied,C,SM-192742
HH-00957,162 Spinifex Way,Eastside Estate,0001,Unit,Rental,B,SM-742818
HH-00958,88 Desert Oak Way,Pandanus Reach Central,0001,Unit,Rental,B,SM-592025
HH-00959,85 Curlew Crescent,Old Town,0001,House,Mortgaged,B,SM-275645
HH-00960,237 Tussock Avenue,Pandanus Reach Central,0001,Unit,Rental,B,SM-164401
HH-00961,149 Ironwood Crescent,Old Town,0001,House,Rental,B,SM-873199
HH-00962,74 Pandanus Parade,Old Town,0001,House,Rental,C,SM-391345
HH-00963,158 Whitegum Avenue,Eastside Estate,0001,House,Owner-occupied,C,SM-733152
HH-00964,152 Coolibah Street,Pandanus Reach Central,0001,Unit,Rental,A,SM-920539
HH-00965,125 Ironwood Crescent,Riverside,0001,Unit,Mortgaged,B,SM-188501
HH-00966,153 Coolibah Street,Hospital Precinct,0001,Unit,Mortgaged,B,SM-501779
HH-00967,113 Ironwood Crescent,Eastside Estate,0001,House,Rental,B,SM-773459
HH-00968,210 Mulga Court,Eastside Estate,0001,House,Rental,B,SM-599401
HH-00969,193 Desert Oak Way,Riverside,0001,House,Rental,B,SM-375382
HH-00970,223 Curlew Crescent,Pandanus Reach Central,0001,House,Mortgaged,B,SM-811451
HH-00971,136 Boab Place,Eastside Estate,0001,House,Rental,B,SM-985249
HH-00972,236 Whitegum Avenue,Mining Worker Camp North,0001,Donga,Employer-provided,B,SM-203050
HH-00973,150 Wattlebird Court,Eastside Estate,0001,House,Rental,B,SM-804527
HH-00974,50 Saltbush Lane,Old Town,0001,House,Rental,A,SM-674213
HH-00975,3 Spinifex Way,Pandanus Reach Central,0001,House,Owner-occupied,A,SM-567604
HH-00976,186 Federation Street,Mining Worker Camp North,0001,Donga,Employer-provided,A,SM-749485
HH-00977,241 Tussock Avenue,Pandanus Reach Central,0001,Unit,Mortgaged,D,SM-769078
HH-00978,246 Mulga Court,Pandanus Reach Central,0001,House,Rental,B,SM-900962
HH-00979,145 Ironwood Crescent,Cattle Station Quarters,0001,Demountable,Employer-provided,C,SM-365641
HH-00980,170 Spinifex Way,Eastside Estate,0001,House,Mortgaged,B,SM-547724
HH-00981,171 Lapwing Terrace,Riverside,0001,House,Mortgaged,B,SM-165417
HH-00982,86 Boab Place,Mining Worker Camp North,0001,Donga,Employer-provided,C,SM-286572
HH-00983,126 Bloodwood Road,Mining Worker Camp South,0001,Demountable,Employer-provided,A,SM-615959
HH-00984,139 Curlew Crescent,Pandanus Reach Central,0001,House,Rental,D,SM-850151
HH-00985,9 Spinifex Way,Eastside Estate,0001,House,Rental,C,SM-119676
HH-00986,39 Acacia Drive,Cattle Station Quarters,0001,Demountable,Employer-provided,C,SM-379378
HH-00987,85 Wattlebird Court,Pandanus Reach Central,0001,House,Rental,D,SM-614514
HH-00988,104 Spinifex Way,Mining Worker Camp South,0001,Demountable,Employer-provided,A,SM-822742
HH-00989,124 Mulga Court,Boundary Flats,0001,Public Housing,Public Housing,B,SM-417538
HH-00990,162 Spinifex Way,Mining Worker Camp North,0001,Donga,Employer-provided,C,SM-456581
HH-00991,118 Federation Street,Pandanus Reach Central,0001,House,Owner-occupied,A,SM-502824
HH-00992,77 Wattlebird Court,Old Town,0001,Townhouse,Rental,B,SM-188984
HH-00993,113 Bloodwood Road,Cattle Station Quarters,0001,Station House,Employer-provided,A,SM-854701
HH-00994,62 Pandanus Parade,Hospital Precinct,0001,House,Mortgaged,C,SM-623956
HH-00995,214 Wallaby Drive,Mining Worker Camp South,0001,Container Conversion,Employer-provided,A,SM-455766
HH-00996,202 Boab Place,Pandanus Reach Central,0001,House,Owner-occupied,C,SM-648530
HH-00997,174 Desert Oak Way,Mining Worker Camp South,0001,Donga,Employer-provided,B,SM-175532
HH-00998,37 Pandanus Parade,Pandanus Reach Central,0001,Unit,Rental,D,SM-148026
HH-00999,167 Coolibah Street,Eastside Estate,0001,House,Rental,D,SM-960607
HH-01000,117 Tussock Avenue,Boundary Flats,0001,Public Housing,Rental,A,SM-957179
HH-01001,128 Tussock Avenue,Pandanus Reach Central,0001,Unit,Owner-occupied,C,SM-546915
HH-01002,214 Wattlebird Court,Mining Worker Camp North,0001,Donga,Employer-provided,D,SM-703945
HH-01003,83 Bloodwood Road,Old Town,0001,Unit,Rental,B,SM-226610
HH-01004,194 Curlew Crescent,Eastside Estate,0001,House,Rental,A,SM-355479
HH-01005,11 Coolibah Street,Cattle Station Quarters,0001,Station House,Employer-provided,C,SM-742191
HH-01006,41 Acacia Drive,Mining Worker Camp North,0001,Container Conversion,Employer-provided,A,SM-107574
HH-01007,23 Ghost Gum Road,Pandanus Reach Central,0001,Townhouse,Rental,C,SM-910090
HH-01008,33 Bloodwood Road,Mining Worker Camp South,0001,Donga,Employer-provided,B,SM-572298
HH-01009,241 Ironwood Crescent,Mining Worker Camp North,0001,Demountable,Employer-provided,A,SM-288744
HH-01010,157 Spinifex Way,Riverside,0001,House,Mortgaged,B,SM-104792
HH-01011,50 Mulga Court,Old Town,0001,Demountable,Mortgaged,C,SM-898100
HH-01012,130 Paperbark Lane,Hospital Precinct,0001,House,Rental,B,SM-155646
HH-01013,204 Coolibah Street,Eastside Estate,0001,Unit,Mortgaged,B,SM-284888
HH-01014,237 Boab Place,Pandanus Reach Central,0001,House,Rental,B,SM-363592
HH-01015,207 Wallaby Drive,Mining Worker Camp North,0001,Donga,Employer-provided,C,SM-663463
HH-01016,202 Acacia Drive,Pandanus Reach Central,0001,House,Owner-occupied,C,SM-856445
HH-01017,149 Lapwing Terrace,Mining Worker Camp South,0001,Donga,Employer-provided,C,SM-441505
HH-01018,29 Lapwing Terrace,Eastside Estate,0001,House,Owner-occupied,B,SM-309668
HH-01019,57 Spinifex Way,Mining Worker Camp North,0001,Donga,Employer-provided,B,SM-557037
HH-01020,238 Tussock Avenue,Pandanus Reach Central,0001,House,Rental,A,SM-854787
HH-01021,92 Whitegum Avenue,Eastside Estate,0001,House,Owner-occupied,C,SM-162549
HH-01022,29 Wallaby Drive,Eastside Estate,0001,House,Owner-occupied,B,SM-409499
HH-01023,203 Tussock Avenue,Old Town,0001,Townhouse,Rental,B,SM-340860
HH-01024,220 Saltbush Lane,Pandanus Reach Central,0001,House,Mortgaged,B,SM-977646
HH-01025,4 Curlew Crescent,Mining Worker Camp South,0001,Demountable,Employer-provided,B,SM-443194
HH-01026,57 Ghost Gum Road,Mining Worker Camp North,0001,Container Conversion,Employer-provided,D,SM-105324
HH-01027,12 Boab Place,Mining Worker Camp North,0001,Container Conversion,Employer-provided,C,SM-628709
HH-01028,136 Wattlebird Court,Pandanus Reach Central,0001,House,Mortgaged,C,SM-574419
HH-01029,22 Desert Oak Way,Mining Worker Camp South,0001,Demountable,Employer-provided,C,SM-526369
HH-01030,34 Brolga Road,Hospital Precinct,0001,House,Rental,A,SM-603088
HH-01031,42 Wallaby Drive,Old Town,0001,Townhouse,Rental,A,SM-576935
HH-01032,36 Wattlebird Court,Mining Worker Camp South,0001,Donga,Employer-provided,C,SM-757258
HH-01033,163 Acacia Drive,Mining Worker Camp South,0001,Container Conversion,Employer-provided,A,SM-824304
HH-01034,9 Federation Street,Mining Worker Camp North,0001,Donga,Employer-provided,B,SM-742254
HH-01035,204 Bloodwood Road,Old Town,0001,Unit,Owner-occupied,C,SM-871501
HH-01036,132 Brolga Road,Cattle Station Quarters,0001,Demountable,Employer-provided,A,SM-483349
HH-01037,11 Brolga Road,Mining Worker Camp South,0001,Donga,Employer-provided,C,SM-839113
HH-01038,182 Bloodwood Road,Pandanus Reach Central,0001,House,Owner-occupied,B,SM-780566
HH-01039,241 Ghost Gum Road,Mining Worker Camp South,0001,Container Conversion,Employer-provided,C,SM-889759
HH-01040,58 Lapwing Terrace,Riverside,0001,House,Owner-occupied,C,SM-390607
HH-01041,96 Brolga Road,Pandanus Reach Central,0001,House,Rental,C,SM-593002
HH-01042,174 Desert Oak Way,Riverside,0001,Townhouse,Rental,B,SM-806013
HH-01043,208 Spinifex Way,Hospital Precinct,0001,House,Mortgaged,A,SM-509660
HH-01044,74 Spinifex Way,Cattle Station Quarters,0001,Station House,Employer-provided,B,SM-830943
HH-01045,39 Bloodwood Road,Pandanus Reach Central,0001,House,Rental,B,SM-815551
HH-01046,34 Pandanus Parade,Old Town,0001,House,Rental,C,SM-405677
HH-01047,6 Paperbark Lane,Eastside Estate,0001,Unit,Rental,B,SM-706815
HH-01048,166 Lapwing Terrace,Mining Worker Camp North,0001,Donga,Employer-provided,C,SM-655919
HH-01049,114 Wallaby Drive,Boundary Flats,0001,Public Housing,Public Housing,C,SM-421383
HH-01050,67 Paperbark Lane,Pandanus Reach Central,0001,House,Mortgaged,C,SM-149617
HH-01051,73 Wallaby Drive,Pandanus Reach Central,0001,Demountable,Rental,A,SM-661320
HH-01052,250 Ironwood Crescent,Eastside Estate,0001,Unit,Rental,C,SM-260940
HH-01053,30 Boab Place,Pandanus Reach Central,0001,Demountable,Rental,B,SM-487629
HH-01054,144 Boab Place,Eastside Estate,0001,Unit,Mortgaged,A,SM-570211
HH-01055,42 Desert Oak Way,Mining Worker Camp South,0001,Donga,Employer-provided,D,SM-524214
HH-01056,197 Coolibah Street,Cattle Station Quarters,0001,Demountable,Employer-provided,D,SM-263633
HH-01057,190 Desert Oak Way,Pandanus Reach Central,0001,Demountable,Owner-occupied,C,SM-596931
HH-01058,249 Ghost Gum Road,Cattle Station Quarters,0001,Quarters,Employer-provided,C,SM-863933
HH-01059,114 Lapwing Terrace,Cattle Station Quarters,0001,Quarters,Employer-provided,C,SM-142027
HH-01060,142 Mulga Court,Pandanus Reach Central,0001,House,Rental,C,SM-567636
HH-01061,84 Boab Place,Mining Worker Camp North,0001,Demountable,Employer-provided,A,SM-652005
HH-01062,240 Whitegum Avenue,Eastside Estate,0001,House,Owner-occupied,C,SM-809952
HH-01063,23 Saltbush Lane,Riverside,0001,House,Rental,C,SM-636405
HH-01064,233 Brolga Road,Hospital Precinct,0001,House,Rental,B,SM-504868
HH-01065,73 Brolga Road,Mining Worker Camp North,0001,Donga,Employer-provided,D,SM-688285
HH-01066,187 Wallaby Drive,Pandanus Reach Central,0001,Unit,Rental,B,SM-271746
HH-01067,249 Curlew Crescent,Boundary Flats,0001,Demountable,Public Housing,A,SM-715702
HH-01068,37 Bloodwood Road,Old Town,0001,House,Mortgaged,B,SM-451709
HH-01069,246 Ghost Gum Road,Pandanus Reach Central,0001,Unit,Owner-occupied,B,SM-386606
HH-01070,143 Wallaby Drive,Mining Worker Camp North,0001,Demountable,Employer-provided,C,SM-243578
HH-01071,214 Wattlebird Court,Eastside Estate,0001,House,Rental,C,SM-416662
HH-01072,78 Pandanus Parade,Boundary Flats,0001,Public Housing,Public Housing,B,SM-929653
HH-01073,68 Federation Street,Pandanus Reach Central,0001,Demountable,Mortgaged,B,SM-785572
HH-01074,74 Curlew Crescent,Old Town,0001,House,Mortgaged,C,SM-129824
HH-01075,71 Pandanus Parade,Pandanus Reach Central,0001,Demountable,Owner-occupied,C,SM-709291
HH-01076,112 Whitegum Avenue,Mining Worker Camp South,0001,Demountable,Employer-provided,B,SM-827968
HH-01077,96 Saltbush Lane,Boundary Flats,0001,Demountable,Public Housing,C,SM-270757
HH-01078,38 Lapwing Terrace,Old Town,0001,House,Rental,B,SM-155457
HH-01079,108 Brolga Road,Eastside Estate,0001,House,Owner-occupied,C,SM-180558
HH-01080,197 Ironwood Crescent,Mining Worker Camp South,0001,Demountable,Employer-provided,B,SM-275254
HH-01081,224 Lapwing Terrace,Old Town,0001,Unit,Rental,B,SM-818739
HH-01082,93 Mulga Court,Riverside,0001,House,Rental,A,SM-243601
HH-01083,96 Pandanus Parade,Mining Worker Camp South,0001,Donga,Employer-provided,D,SM-270948
HH-01084,40 Saltbush Lane,Pandanus Reach Central,0001,House,Owner-occupied,C,SM-743226
HH-01085,244 Saltbush Lane,Riverside,0001,Unit,Rental,C,SM-941566
HH-01086,118 Spinifex Way,Pandanus Reach Central,0001,House,Owner-occupied,A,SM-465124
HH-01087,93 Coolibah Street,Eastside Estate,0001,Unit,Mortgaged,B,SM-900681
HH-01088,45 Federation Street,Hospital Precinct,0001,House,Mortgaged,B,SM-998435
HH-01089,177 Paperbark Lane,Riverside,0001,House,Owner-occupied,D,SM-545440
HH-01090,201 Mulga Court,Riverside,0001,House,Mortgaged,C,SM-144582
HH-01091,9 Saltbush Lane,Eastside Estate,0001,House,Rental,D,SM-145383
HH-01092,171 Acacia Drive,Pandanus Reach Central,0001,Unit,Mortgaged,D,SM-315378
HH-01093,52 Ironwood Crescent,Old Town,0001,Unit,Owner-occupied,A,SM-882445
HH-01094,243 Ghost Gum Road,Hospital Precinct,0001,House,Owner-occupied,B,SM-863944
HH-01095,130 Ghost Gum Road,Old Town,0001,House,Mortgaged,C,SM-654527
HH-01096,50 Federation Street,Eastside Estate,0001,House,Mortgaged,A,SM-860583
HH-01097,55 Saltbush Lane,Pandanus Reach Central,0001,Townhouse,Rental,C,SM-294118
HH-01098,246 Mulga Court,Mining Worker Camp North,0001,Donga,Employer-provided,B,SM-498055
HH-01099,132 Paperbark Lane,Mining Worker Camp North,0001,Donga,Employer-provided,C,SM-429546
HH-01100,29 Saltbush Lane,Pandanus Reach Central,0001,House,Mortgaged,C,SM-684195
HH-01101,22 Lapwing Terrace,Riverside,0001,House,Rental,B,SM-871934
HH-01102,250 Wallaby Drive,Eastside Estate,0001,House,Rental,D,SM-548750
HH-01103,18 Pandanus Parade,Eastside Estate,0001,Townhouse,Rental,A,SM-806906
HH-01104,27 Wattlebird Court,Mining Worker Camp South,0001,Donga,Employer-provided,C,SM-189135
HH-01105,102 Wattlebird Court,Pandanus Reach Central,0001,Unit,Mortgaged,C,SM-276919
HH-01106,250 Bloodwood Road,Pandanus Reach Central,0001,House,Rental,D,SM-228725
HH-01107,109 Pandanus Parade,Eastside Estate,0001,House,Rental,B,SM-386232
HH-01108,206 Wattlebird Court,Boundary Flats,0001,Public Housing,Rental,C,SM-524089
HH-01109,131 Whitegum Avenue,Hospital Precinct,0001,House,Rental,A,SM-613111
HH-01110,161 Coolibah Street,Mining Worker Camp South,0001,Donga,Employer-provided,C,SM-970645
HH-01111,174 Acacia Drive,Pandanus Reach Central,0001,Demountable,Rental,C,SM-260155
HH-01112,160 Mulga Court,Eastside Estate,0001,Unit,Rental,B,SM-616096
HH-01113,52 Federation Street,Boundary Flats,0001,Demountable,Public Housing,B,SM-668787
HH-01114,221 Desert Oak Way,Mining Worker Camp North,0001,Demountable,Employer-provided,D,SM-133133
HH-01115,226 Mulga Court,Hospital Precinct,0001,House,Owner-occupied,B,SM-581984
HH-01116,46 Desert Oak Way,Pandanus Reach Central,0001,Unit,Mortgaged,C,SM-272117
HH-01117,35 Federation Street,Mining Worker Camp South,0001,Demountable,Employer-provided,B,SM-214695
HH-01118,126 Desert Oak Way,Old Town,0001,Unit,Rental,B,SM-995852
HH-01119,15 Wattlebird Court,Pandanus Reach Central,0001,House,Rental,B,SM-809348
HH-01120,73 Lapwing Terrace,Mining Worker Camp North,0001,Donga,Employer-provided,B,SM-234425
HH-01121,90 Ghost Gum Road,Boundary Flats,0001,Public Housing,Rental,B,SM-202078
HH-01122,92 Curlew Crescent,Mining Worker Camp North,0001,Donga,Employer-provided,C,SM-359642
HH-01123,80 Ghost Gum Road,Eastside Estate,0001,House,Rental,C,SM-220031
HH-01124,6 Desert Oak Way,Mining Worker Camp North,0001,Donga,Employer-provided,B,SM-542995
HH-01125,231 Curlew Crescent,Old Town,0001,House,Rental,B,SM-431889
HH-01126,100 Lapwing Terrace,Mining Worker Camp North,0001,Demountable,Employer-provided,C,SM-204917
HH-01127,53 Lapwing Terrace,Riverside,0001,House,Mortgaged,C,SM-274721
HH-01128,94 Curlew Crescent,Old Town,0001,House,Rental,D,SM-178979
HH-01129,138 Bloodwood Road,Boundary Flats,0001,Public Housing,Public Housing,B,SM-701380
HH-01130,58 Tussock Avenue,Mining Worker Camp North,0001,Demountable,Employer-provided,A,SM-985194
HH-01131,152 Lapwing Terrace,Old Town,0001,House,Rental,B,SM-547852
HH-01132,204 Spinifex Way,Eastside Estate,0001,Unit,Owner-occupied,C,SM-553939
HH-01133,81 Bloodwood Road,Old Town,0001,House,Owner-occupied,B,SM-804181
HH-01134,47 Acacia Drive,Boundary Flats,0001,Demountable,Rental,C,SM-704864
HH-01135,170 Wallaby Drive,Mining Worker Camp South,0001,Donga,Employer-provided,C,SM-948228
HH-01136,197 Curlew Crescent,Old Town,0001,Townhouse,Rental,A,SM-310394
HH-01137,38 Paperbark Lane,Mining Worker Camp North,0001,Donga,Employer-provided,C,SM-414861
HH-01138,106 Lapwing Terrace,Boundary Flats,0001,House,Public Housing,C,SM-987060
HH-01139,211 Federation Street,Mining Worker Camp North,0001,Demountable,Employer-provided,B,SM-730437
HH-01140,62 Mulga Court,Eastside Estate,0001,House,Owner-occupied,C,SM-425625
HH-01141,144 Curlew Crescent,Mining Worker Camp South,0001,Donga,Employer-provided,D,SM-311802
HH-01142,35 Acacia Drive,Pandanus Reach Central,0001,House,Mortgaged,C,SM-284533
HH-01143,11 Pandanus Parade,Old Town,0001,Unit,Owner-occupied,C,SM-429153
HH-01144,222 Spinifex Way,Old Town,0001,Townhouse,Rental,B,SM-789365
HH-01145,102 Coolibah Street,Cattle Station Quarters,0001,Station House,Employer-provided,B,SM-624548
HH-01146,134 Ghost Gum Road,Cattle Station Quarters,0001,Demountable,Employer-provided,D,SM-364039
HH-01147,24 Paperbark Lane,Mining Worker Camp South,0001,Demountable,Employer-provided,C,SM-428634
HH-01148,150 Wattlebird Court,Mining Worker Camp North,0001,Container Conversion,Employer-provided,C,SM-543410
HH-01149,28 Ironwood Crescent,Eastside Estate,0001,House,Owner-occupied,B,SM-718115
HH-01150,137 Brolga Road,Pandanus Reach Central,0001,Unit,Owner-occupied,B,SM-597920
